date,return,VaR_99,ES_99,violation
2019-06-03,0.006330951,0.019974,0.022705,0
2019-06-04,0.012221856,0.024545,0.027911,0
2019-06-05,-6.77e-06,0.019974,0.022705,0
2019-06-06,0.010363319,0.021571,0.024524,0
2019-06-10,0.008856824,0.021693,0.024663,0
2019-06-11,-0.009456844,0.022091,0.025116,0
2019-06-12,-0.002872522,0.020211,0.022975,0
2019-06-13,-0.002103278,0.019974,0.022705,0
2019-06-14,0.006550493,0.019974,0.022705,0
2019-06-17,0.007157491,0.019974,0.022705,0
2019-06-19,0.00609167,0.019974,0.022705,0
2019-06-20,-0.015002894,0.021405,0.024335,0
2019-06-21,0.008562554,0.021399,0.024328,0
2019-06-24,0.003253563,0.020279,0.023052,0
2019-06-25,0.011005357,0.02123,0.024135,0
2019-06-26,0.001112916,0.02003,0.022769,0
2019-06-28,-0.021490493,0.025888,0.02944,0
2019-07-01,-0.009098458,0.02556,0.029067,0
2019-07-02,-0.008290111,0.02509,0.028532,0
2019-07-03,-0.003935244,0.023975,0.027262,0
2019-07-04,0.007643796,0.023525,0.026749,0
2019-07-05,-0.00443041,0.022596,0.025691,0
2019-07-09,-0.026292756,0.029665,0.033742,0
2019-07-10,0.006571396,0.028644,0.032579,0
2019-07-11,-0.005111704,0.027519,0.031298,0
2019-07-12,-0.003263077,0.026299,0.029908,0
2019-07-15,-0.005252693,0.025351,0.028829,0
2019-07-16,0.007925398,0.02488,0.028292,0
2019-07-18,0.005804417,0.024106,0.027411,0
2019-07-19,-0.001227684,0.02299,0.02614,0
2019-07-22,-0.040597708,0.03756,0.042733,1
2019-07-23,-0.01139775,0.036809,0.041878,0
2019-07-24,-0.003128909,0.035177,0.040019,0
2019-07-25,0.014233222,0.035187,0.040031,0
2019-07-29,-0.014007047,0.035147,0.039985,0
2019-07-30,-0.019746959,0.036598,0.041638,0
2019-07-31,-0.014091426,0.036453,0.041473,0
2019-08-01,-0.006247536,0.035098,0.039929,0
2019-08-02,0.023338417,0.037679,0.042869,0
2019-08-05,0.002504936,0.036019,0.040978,0
2019-08-07,0.010132496,0.035193,0.040038,0
2019-08-08,-0.019784187,0.036626,0.04167,0
2019-08-09,-0.0088194,0.035574,0.040472,0
2019-08-12,-0.005148777,0.034186,0.038891,0
2019-08-13,0.003495902,0.032754,0.03726,0
2019-08-14,0.033996277,0.040012,0.045526,0
2019-08-16,-0.025777871,0.042633,0.048511,0
2019-08-19,-0.00663912,0.041016,0.046669,0
2019-08-20,0.01368228,0.040443,0.046017,0
2019-08-21,-0.027991246,0.043728,0.049758,0
2019-08-22,-0.000130662,0.041779,0.047538,0
2019-08-23,0.015865023,0.041568,0.047298,0
2019-08-27,-0.016574916,0.041523,0.047247,0
2019-08-28,-0.008152918,0.04012,0.045649,0
2019-08-29,0.011172136,0.039196,0.044597,0
2019-08-30,-0.000389922,0.037457,0.042616,0
2019-09-02,-0.005436685,0.036015,0.040974,0
2019-09-03,0.002504881,0.034468,0.039212,0
2019-09-05,0.016365892,0.03504,0.039863,0
2019-09-06,0.013036476,0.034814,0.039606,0
2019-09-09,0.004245532,0.033418,0.038016,0
2019-09-10,0.013622827,0.033451,0.038054,0
2019-09-11,-0.003031538,0.032049,0.036457,0
2019-09-12,0.026411966,0.036186,0.041168,0
2019-09-16,-0.004978859,0.034776,0.039563,0
2019-09-17,0.003249047,0.033324,0.037909,0
2019-09-18,0.022025784,0.03567,0.040581,0
2019-09-19,-0.017986951,0.036528,0.041558,0
2019-09-20,-0.003062056,0.034985,0.039801,0
2019-09-23,0.000782357,0.033446,0.038048,0
2019-09-25,0.011464397,0.033044,0.03759,0
2019-09-26,-0.002367146,0.031633,0.035983,0
2019-09-27,0.003324903,0.030336,0.034506,0
2019-09-30,0.001409989,0.029017,0.033004,0
2019-10-01,0.034564437,0.037468,0.042629,0
2019-10-02,-0.02395153,0.039835,0.045324,0
2019-10-04,0.0212119,0.041088,0.046751,0
2019-10-07,-0.030050488,0.044952,0.051152,0
2019-10-08,-0.009557203,0.043525,0.049527,0
2019-10-09,-0.042736781,0.051935,0.059105,0
2019-10-10,-0.02609589,0.053143,0.060481,0
2019-10-11,0.061330167,0.067583,0.076926,0
2019-10-15,0.003052935,0.064628,0.073561,0
2019-10-16,-0.002266789,0.061788,0.070326,0
2019-10-17,-0.004960606,0.059163,0.067337,0
2019-10-18,-0.003190779,0.056593,0.06441,0
2019-10-21,-0.006069702,0.054269,0.061763,0
2019-10-22,0.002132951,0.051892,0.059056,0
2019-10-24,0.000301459,0.049598,0.056443,0
2019-10-25,-0.000423392,0.047407,0.053948,0
2019-10-28,0.007084913,0.045604,0.051895,0
2019-10-29,0.005639741,0.043782,0.04982,0
2019-10-30,0.00327748,0.041917,0.047695,0
2019-10-31,0.010893125,0.040843,0.046472,0
2019-11-04,-0.00547245,0.039243,0.04465,0
2019-11-05,-0.003742331,0.03761,0.04279,0
2019-11-06,0.001611107,0.03597,0.040923,0
2019-11-07,-0.002681072,0.03444,0.03918,0
2019-11-08,-0.010331593,0.033771,0.038418,0
2019-11-11,0.043641885,0.045287,0.051534,0
2019-11-13,-0.004179775,0.043394,0.049378,0
2019-11-14,-0.002731614,0.041526,0.04725,0
2019-11-15,0.016376718,0.041443,0.047156,0
2019-11-18,0.020314095,0.042281,0.04811,0
2019-11-19,-0.003571832,0.040498,0.046079,0
2019-11-20,0.021154279,0.041659,0.047402,0
2019-11-22,-0.001486989,0.039835,0.045324,0
2019-11-25,0.019443027,0.040621,0.04622,0
2019-11-26,-0.001117919,0.038837,0.044188,0
2019-11-27,0.016631476,0.039047,0.044427,0
2019-11-28,-0.013092741,0.038522,0.043829,0
2019-11-29,-0.007791803,0.037257,0.042388,0
2019-12-03,0.024432751,0.039807,0.045292,0
2019-12-04,0.00113314,0.03806,0.043303,0
2019-12-05,-0.033897641,0.043954,0.050015,0
2019-12-06,-0.013409413,0.043131,0.049078,0
2019-12-09,0.014085068,0.042481,0.048338,0
2019-12-10,0.0133867,0.041758,0.047514,0
2019-12-12,0.005256563,0.040097,0.045623,0
2019-12-13,-0.001495725,0.038344,0.043626,0
2019-12-16,-0.014463632,0.038134,0.043387,0
2019-12-17,-0.013231008,0.037703,0.042896,0
2019-12-18,0.011427661,0.036988,0.042082,0
2019-12-19,0.009024796,0.035962,0.040913,0
2019-12-20,0.033371704,0.042091,0.047894,0
2019-12-24,0.025309351,0.044246,0.050348,0
2019-12-25,0.034364075,0.049125,0.055905,0
2019-12-26,-0.028503076,0.051325,0.05841,0
2019-12-27,0.00663142,0.049293,0.056096,0
2019-12-30,-0.030003101,0.05192,0.059088,0
2019-12-31,0.008055229,0.049969,0.056866,0
2020-01-02,0.009621179,0.048271,0.054932,0
2020-01-03,-0.009717895,0.046676,0.053116,0
2020-01-06,0.012787648,0.045574,0.05186,0
2020-01-07,-0.003395806,0.043631,0.049648,0
2020-01-08,-0.044551518,0.05281,0.060101,0
2020-01-09,-0.039740445,0.058157,0.066191,0
2020-01-13,-0.003261448,0.055635,0.063319,0
2020-01-14,0.018285487,0.054811,0.06238,0
2020-01-15,-0.000574588,0.052389,0.059622,0
2020-01-16,-0.013595844,0.05104,0.058086,0
2020-01-17,-0.01316882,0.049715,0.056577,0
2020-01-20,0.040279442,0.055816,0.063525,0
2020-01-22,-0.01162628,0.054013,0.061472,0
2020-01-23,-0.018072482,0.053271,0.060626,0
2020-01-24,-0.010512344,0.051486,0.058594,0
2020-01-27,0.006345232,0.049427,0.056248,0
2020-01-28,0.003533793,0.047312,0.05384,0
2020-01-29,-0.013959417,0.046348,0.052742,0
2020-01-31,0.013314506,0.045347,0.051602,0
2020-02-03,0.002965188,0.043398,0.049382,0
2020-02-04,0.001170112,0.041491,0.04721,0
2020-02-05,-0.009828969,0.040299,0.045853,0
2020-02-06,0.005983213,0.038766,0.044107,0
2020-02-07,-0.042602786,0.048308,0.054974,0
2020-02-11,-0.001967209,0.046196,0.052569,0
2020-02-12,-0.011170841,0.044897,0.051089,0
2020-02-13,-0.003269407,0.04298,0.048906,0
2020-02-14,-0.002976335,0.04114,0.046811,0
2020-02-17,0.000341898,0.039325,0.044744,0
2020-02-18,0.018686312,0.039974,0.045483,0
2020-02-20,-0.000501868,0.038212,0.043476,0
2020-02-21,0.008150116,0.037006,0.042102,0
2020-02-24,0.006864252,0.035725,0.040644,0
2020-02-25,0.005661877,0.034398,0.039132,0
2020-02-26,-0.002788635,0.032945,0.037477,0
2020-02-27,-0.010715933,0.032447,0.03691,0
2020-03-02,0.013979515,0.032646,0.037137,0
2020-03-03,-0.010119653,0.032067,0.036477,0
2020-03-04,-0.006131166,0.030979,0.035238,0
2020-03-05,-0.003539243,0.029727,0.033812,0
2020-03-06,0.009646743,0.029275,0.033298,0
2020-03-09,-0.006665228,0.028406,0.032308,0
2020-03-11,-0.017848216,0.030111,0.03425,0
2020-03-12,-0.001386887,0.028804,0.032761,0
2020-03-13,0.018720837,0.030731,0.034956,0
2020-03-16,0.023832359,0.034123,0.038819,0
2020-03-17,-0.004875025,0.032812,0.037326,0
2020-03-18,0.010551112,0.032295,0.036737,0
2020-03-20,-0.042633681,0.043772,0.049808,0
2020-03-23,-0.009869326,0.042451,0.048304,0
2020-03-24,-0.003274283,0.040647,0.046249,0
2020-03-25,-0.010482325,0.039595,0.045051,0
2020-03-26,0.004563098,0.037994,0.043228,0
2020-03-27,0.028039811,0.041658,0.047401,0
2020-03-31,-0.014708402,0.041232,0.046915,0
2020-04-01,-0.011863961,0.040347,0.045907,0
2020-04-02,0.001200223,0.038577,0.043892,0
2020-04-03,0.010637644,0.037679,0.042869,0
2020-04-06,0.007115691,0.036388,0.041399,0
2020-04-07,-0.000530102,0.034786,0.039574,0
2020-04-09,0.004874017,0.033442,0.038043,0
2020-04-10,0.018334471,0.034645,0.039413,0
2020-04-13,-0.050473643,0.04945,0.056275,1
2020-04-14,-0.011137144,0.047954,0.054571,0
2020-04-15,-0.021249214,0.04837,0.055045,0
2020-04-16,0.034957552,0.052759,0.060043,0
2020-04-20,0.048953964,0.061716,0.070244,0
2020-04-21,-0.006528982,0.059176,0.067352,0
2020-04-22,0.007212648,0.056801,0.064647,0
2020-04-23,-0.00497257,0.054409,0.061922,0
2020-04-24,-0.006849224,0.052241,0.059453,0
2020-04-27,0.012493699,0.050752,0.057758,0
2020-04-29,-0.012482052,0.04935,0.056161,0
2020-04-30,0.008290794,0.047554,0.054115,0
2020-05-01,0.009018237,0.045924,0.052259,0
2020-05-04,0.022777631,0.046917,0.05339,0
2020-05-05,0.004763331,0.044979,0.051183,0
2020-05-06,-0.00795185,0.04338,0.049362,0
2020-05-08,-0.045208176,0.052916,0.060222,0
2020-05-11,0.039265704,0.058074,0.066097,0
2020-05-12,-0.004284353,0.055593,0.063271,0
2020-05-13,-0.012061591,0.053853,0.061289,0
2020-05-14,-0.015714113,0.052725,0.060005,0
2020-05-15,0.002862958,0.050437,0.057399,0
2020-05-19,0.017465718,0.049853,0.056734,0
2020-05-20,-0.00278536,0.047693,0.054274,0
2020-05-21,0.034268508,0.051952,0.059124,0
2020-05-22,0.006170117,0.049858,0.056739,0
2020-05-25,0.018282232,0.049474,0.056302,0
2020-05-26,-2.7664e-05,0.047288,0.053812,0
2020-05-28,-0.001964307,0.045221,0.051458,0
2020-05-29,0.008004177,0.043615,0.049629,0
2020-06-01,0.009791609,0.042293,0.048124,0
2020-06-02,-0.013263737,0.041562,0.047291,0
2020-06-03,0.027803343,0.044581,0.050729,0
2020-06-04,-0.001426178,0.042625,0.048502,0
2020-06-08,0.020293757,0.043336,0.049312,0
2020-06-09,-0.007516794,0.041782,0.047542,0
2020-06-10,0.007049789,0.040266,0.045815,0
2020-06-11,-0.004816951,0.038648,0.043973,0
2020-06-12,0.03701277,0.045716,0.052022,0
2020-06-15,-0.03167806,0.049398,0.056216,0
2020-06-17,-0.012810768,0.048126,0.054767,0
2020-06-18,-0.004575842,0.04612,0.052482,0
2020-06-19,0.020488182,0.046533,0.052953,0
2020-06-22,0.008282479,0.044884,0.051075,0
2020-06-23,0.000155286,0.042902,0.048817,0
2020-06-24,0.00012796,0.041008,0.04666,0
2020-06-26,-0.016520735,0.041,0.046651,0
2020-06-29,-0.013815333,0.04046,0.046036,0
2020-06-30,-0.056394553,0.056369,0.064155,1
2020-07-01,0.01791334,0.055427,0.063082,0
2020-07-02,-0.023318707,0.055622,0.063304,0
2020-07-03,0.000946727,0.053167,0.060508,0
2020-07-07,0.003790581,0.050891,0.057916,0
2020-07-08,0.021490585,0.05109,0.058143,0
2020-07-09,0.009571045,0.049326,0.056133,0
2020-07-10,-0.023734768,0.050206,0.057136,0
2020-07-13,0.02044681,0.050237,0.057171,0
2020-07-14,-0.011584648,0.04875,0.055478,0
2020-07-15,-0.009318068,0.047087,0.053583,0
2020-07-17,0.009534248,0.045538,0.051819,0
2020-07-20,0.013813501,0.044671,0.050832,0
2020-07-21,0.007836911,0.043078,0.049018,0
2020-07-22,0.001653817,0.041193,0.046871,0
2020-07-23,0.013854442,0.040645,0.046247,0
2020-07-24,0.002562596,0.038897,0.044256,0
2020-07-28,0.004411072,0.037319,0.042459,0
2020-07-29,0.001649559,0.035694,0.040608,0
2020-07-30,-0.000335286,0.034121,0.038817,0
2020-07-31,0.000439468,0.032619,0.037106,0
2020-08-03,-0.003830943,0.031307,0.035612,0
2020-08-04,-0.016122297,0.032151,0.036573,0
2020-08-06,0.011567163,0.031869,0.036252,0
2020-08-07,0.009841424,0.031298,0.035602,0
2020-08-10,0.00100797,0.029929,0.034043,0
2020-08-11,0.004328927,0.028785,0.03274,0
2020-08-12,0.015531268,0.029756,0.033846,0
2020-08-13,-0.003664534,0.028572,0.032497,0
2020-08-17,-0.006799958,0.027761,0.031573,0
2020-08-18,-0.007273612,0.027065,0.030781,0
2020-08-19,0.003251319,0.025984,0.02955,0
2020-08-20,-0.003910236,0.025005,0.028435,0
2020-08-21,0.006955367,0.02444,0.027791,0
2020-08-24,-0.024330797,0.029338,0.033369,0
2020-08-26,-0.000788618,0.028053,0.031906,0
2020-08-27,0.003626103,0.026949,0.030649,0
2020-08-28,-0.006414429,0.026186,0.02978,0
2020-08-31,-0.002560953,0.025105,0.028549,0
2020-09-01,-0.002318092,0.024062,0.027361,0
2020-09-02,0.024255813,0.029019,0.033006,0
2020-09-04,0.002443684,0.027799,0.031617,0
2020-09-07,-0.006714979,0.027024,0.030734,0
2020-09-08,-0.004639568,0.026057,0.029633,0
2020-09-09,0.003968009,0.02508,0.02852,0
2020-09-10,0.008498845,0.024767,0.028164,0
2020-09-11,-0.000455738,0.023682,0.026928,0
2020-09-15,0.019232022,0.026636,0.030292,0
2020-09-16,-0.00763735,0.026067,0.029644,0
2020-09-17,-0.010420661,0.026055,0.02963,0
2020-09-18,-0.060597166,0.050651,0.057643,1
2020-09-21,-0.002756387,0.048454,0.05514,0
2020-09-22,0.002529248,0.04635,0.052744,0
2020-09-24,-0.023690994,0.047535,0.054094,0
2020-09-25,0.0195157,0.0476,0.054168,0
2020-09-28,-0.030851444,0.050728,0.05773,0
2020-09-29,-0.005083105,0.048627,0.055337,0
2020-09-30,0.018111692,0.048308,0.054974,0
2020-10-01,0.012326871,0.047036,0.053525,0
2020-10-05,0.001727639,0.044976,0.051179,0
2020-10-06,-0.004378133,0.043108,0.049052,0
2020-10-07,-0.016362973,0.04289,0.048804,0
2020-10-08,-0.008524927,0.041463,0.047178,0
2020-10-09,-0.005839068,0.03986,0.045353,0
2020-10-12,0.016333569,0.039912,0.045412,0
2020-10-14,-0.027808402,0.043185,0.04914,0
2020-10-15,0.002241757,0.04131,0.047004,0
2020-10-16,0.026708152,0.044009,0.050078,0
2020-10-19,-0.002722417,0.042112,0.047918,0
2020-10-20,0.004474214,0.040385,0.045951,0
2020-10-21,0.00369422,0.038697,0.044028,0
2020-10-23,-0.000575995,0.036992,0.042087,0
2020-10-26,0.002427723,0.035405,0.040279,0
2020-10-27,0.014737504,0.035505,0.040393,0
2020-10-28,0.004139086,0.034073,0.038762,0
2020-10-29,-0.019917547,0.035655,0.040564,0
2020-10-30,-0.003189789,0.034162,0.038863,0
2020-11-03,0.003680631,0.032767,0.037275,0
2020-11-04,-0.013605383,0.032854,0.037374,0
2020-11-05,-0.019640295,0.03451,0.03926,0
2020-11-06,0.012386503,0.0342,0.038907,0
2020-11-09,-0.001014673,0.032702,0.037201,0
2020-11-10,-0.019695383,0.034395,0.039129,0
2020-11-12,-0.009541036,0.033605,0.038229,0
2020-11-13,0.011907652,0.033275,0.037853,0
2020-11-16,0.008913206,0.032464,0.03693,0
2020-11-17,-0.016532516,0.033289,0.037869,0
2020-11-18,0.009193134,0.032519,0.036992,0
2020-11-19,0.007766659,0.031598,0.035943,0
2020-11-23,0.018363495,0.033035,0.03758,0
2020-11-24,0.010041059,0.032416,0.036875,0
2020-11-25,0.01142112,0.032086,0.036499,0
2020-11-26,-0.00422577,0.030827,0.035065,0
2020-11-27,0.003941333,0.029609,0.033678,0
2020-11-30,0.009142839,0.02908,0.033076,0
2020-12-02,0.023156487,0.03252,0.036993,0
2020-12-03,-0.020412739,0.034459,0.039202,0
2020-12-04,-0.003818633,0.033058,0.037606,0
2020-12-07,0.004353546,0.03176,0.036128,0
2020-12-08,0.022927504,0.034651,0.03942,0
2020-12-09,0.000255437,0.033124,0.037681,0
2020-12-11,0.003512944,0.031768,0.036137,0
2020-12-14,-0.006754319,0.030765,0.034995,0
2020-12-15,-0.005493288,0.029682,0.033761,0
2020-12-16,-0.009158213,0.029151,0.033156,0
2020-12-17,0.002091774,0.02791,0.031743,0
2020-12-18,-0.005734841,0.027008,0.030716,0
2020-12-22,0.009797884,0.026791,0.030469,0
2020-12-23,0.001049015,0.025625,0.029141,0
2020-12-24,0.018823389,0.028082,0.031939,0
2020-12-25,0.001655806,0.026874,0.030563,0
2020-12-28,0.022957212,0.030661,0.034876,0
2020-12-29,-0.008486236,0.029956,0.034073,0
2020-12-31,0.004236846,0.028804,0.032761,0
2021-01-01,-0.003766939,0.027674,0.031474,0
2021-01-04,-0.029819642,0.034234,0.038945,0
2021-01-05,0.011740804,0.033824,0.038478,0
2021-01-06,-0.001453608,0.032351,0.036801,0
2021-01-07,0.001989301,0.03096,0.035217,0
2021-01-11,-0.016467127,0.031936,0.036328,0
2021-01-12,-0.007638921,0.031033,0.0353,0
2021-01-13,0.002741563,0.029734,0.03382,0
2021-01-14,0.005152446,0.028672,0.032611,0
2021-01-15,0.012598154,0.028908,0.03288,0
2021-01-18,0.010852887,0.028746,0.032695,0
2021-01-20,-0.024091999,0.032609,0.037095,0
2021-01-21,0.007491605,0.031647,0.035999,0
2021-01-22,-0.01644205,0.032538,0.037014,0
2021-01-25,0.001041737,0.031114,0.035392,0
2021-01-26,0.007111434,0.030192,0.034342,0
2021-01-27,0.000354366,0.028865,0.032831,0
2021-01-28,-0.002402364,0.02765,0.031447,0
2021-02-01,-0.001129446,0.026448,0.030078,0
2021-02-02,-0.012798459,0.026953,0.030653,0
2021-02-03,0.019653563,0.029482,0.033534,0
2021-02-04,0.001106112,0.028197,0.03207,0
2021-02-05,0.000330672,0.026958,0.030659,0
2021-02-08,-0.032260956,0.034881,0.039682,0
2021-02-10,0.008137214,0.033866,0.038526,0
2021-02-11,0.010143282,0.033206,0.037775,0
2021-02-12,0.011940993,0.032913,0.037441,0
2021-02-15,0.009195518,0.032168,0.036593,0
2021-02-16,0.065947038,0.05698,0.06485,0
2021-02-17,-0.017738254,0.055965,0.063695,0
2021-02-19,-0.029108878,0.057523,0.065469,0
2021-02-22,0.019758809,0.056823,0.064672,0
2021-02-23,-0.007332523,0.054571,0.062107,0
2021-02-24,-0.001990356,0.052179,0.059383,0
2021-02-25,-0.028104554,0.053895,0.061337,0
2021-02-26,0.00453087,0.051618,0.058744,0
2021-03-02,0.015561463,0.050617,0.057604,0
2021-03-03,5.3533e-05,0.04838,0.055056,0
2021-03-04,0.004277367,0.046347,0.052741,0
2021-03-05,0.015188891,0.045657,0.051955,0
2021-03-08,0.006055424,0.043862,0.049911,0
2021-03-09,-0.023057173,0.045156,0.051384,0
2021-03-11,-0.02381569,0.046508,0.052924,0
2021-03-12,0.006058562,0.044671,0.050832,0
2021-03-15,-0.011426099,0.0435,0.049498,0
2021-03-16,0.027672733,0.046196,0.052569,0
2021-03-17,-0.006667644,0.044421,0.050547,0
2021-03-18,-0.061793306,0.061792,0.070355,1
2021-03-22,-0.047963468,0.06859,0.078073,0
2021-03-23,-0.000101187,0.065554,0.074615,0
2021-03-24,0.014878228,0.063579,0.072366,0
2021-03-25,0.012192227,0.061408,0.069894,0
2021-03-26,0.009442924,0.059091,0.067255,0
2021-03-29,-0.015065402,0.057529,0.065476,0
2021-03-31,-0.010191731,0.055481,0.063143,0
2021-04-01,0.005505687,0.053179,0.060522,0
2021-04-02,-0.007938699,0.051155,0.058216,0
2021-04-05,0.013810051,0.049914,0.056803,0
2021-04-06,-0.02533051,0.05114,0.058199,0
2021-04-07,0.008517844,0.049271,0.056071,0
2021-04-09,0.005528916,0.047265,0.053786,0
2021-04-12,0.010681865,0.04584,0.052163,0
2021-04-13,-0.004441896,0.043935,0.049994,0
2021-04-14,0.0126563,0.042992,0.04892,0
2021-04-15,-0.001811362,0.041115,0.046782,0
2021-04-16,0.007419823,0.03967,0.045136,0
2021-04-20,0.022203901,0.041219,0.046901,0
2021-04-21,-0.007963817,0.039823,0.045311,0
2021-04-22,0.019333652,0.040583,0.046176,0
2021-04-23,0.043854879,0.050223,0.057155,0
2021-04-26,0.010616011,0.04862,0.055329,0
2021-04-27,-0.017560965,0.048194,0.054844,0
2021-04-29,0.010604162,0.046706,0.05315,0
2021-04-30,-0.013845566,0.045765,0.052078,0
2021-05-03,0.02198404,0.046574,0.052999,0
2021-05-04,-0.022087985,0.047327,0.053857,0
2021-05-05,-0.022605889,0.048131,0.054773,0
2021-05-06,-0.011262539,0.046728,0.053175,0
2021-05-10,0.072506389,0.069078,0.078629,0
2021-05-11,-0.011963321,0.06659,0.075795,0
2021-05-12,0.004760517,0.063737,0.072546,0
2021-05-13,-0.002095838,0.060936,0.069356,0
2021-05-14,0.021210924,0.060245,0.068569,0
2021-05-17,-0.000269439,0.05758,0.065534,0
2021-05-19,0.011923613,0.055712,0.063406,0
2021-05-20,-0.001007499,0.053253,0.060606,0
2021-05-21,-0.010642258,0.051484,0.058591,0
2021-05-24,0.003517217,0.049275,0.056075,0
2021-05-25,0.004545205,0.047213,0.053727,0
2021-05-26,-0.008977479,0.045598,0.051888,0
2021-05-28,-0.010190587,0.04421,0.050307,0
2021-05-31,0.005975507,0.042481,0.048338,0
2021-06-01,-0.001290269,0.040616,0.046214,0
2021-06-02,-0.015080078,0.040345,0.045905,0
2021-06-03,0.007348644,0.038934,0.044298,0
2021-06-04,-0.005689356,0.037446,0.042604,0
2021-06-08,0.02590145,0.040455,0.04603,0
2021-06-09,-0.004183745,0.03879,0.044134,0
2021-06-10,0.012408157,0.038163,0.04342,0
2021-06-11,-0.015332722,0.038148,0.043403,0
2021-06-14,-0.021324724,0.039631,0.045092,0
2021-06-15,0.00723492,0.038247,0.043516,0
2021-06-17,0.013799445,0.037914,0.043137,0
2021-06-18,-0.004187368,0.03637,0.041378,0
2021-06-21,0.001157605,0.034777,0.039564,0
2021-06-22,0.006606918,0.033591,0.038213,0
2021-06-23,0.024092681,0.03659,0.041629,0
2021-06-24,-0.014446114,0.036524,0.041553,0
2021-06-28,-0.001726175,0.034936,0.039745,0
2021-06-29,0.017838735,0.035833,0.040767,0
2021-06-30,-0.007813487,0.034723,0.039502,0
2021-07-01,0.003053895,0.033267,0.037844,0
2021-07-02,0.008184112,0.032355,0.036806,0
2021-07-05,-0.014070528,0.032584,0.037066,0
2021-07-07,-0.005865179,0.031441,0.035764,0
2021-07-08,0.01302645,0.031519,0.035853,0
2021-07-09,-0.002161096,0.030172,0.034319,0
2021-07-12,0.003692948,0.02897,0.03295,0
2021-07-13,0.010204261,0.028676,0.032616,0
2021-07-14,-0.004856297,0.027643,0.031439,0
2021-07-16,-0.019902015,0.030146,0.03429,0
2021-07-19,-0.003884508,0.028958,0.032937,0
2021-07-20,0.008713144,0.028403,0.032305,0
2021-07-21,-0.001446335,0.027175,0.030906,0
2021-07-22,0.022648264,0.03078,0.035012,0
2021-07-23,-0.003389264,0.029529,0.033587,0
2021-07-27,-0.003131428,0.028322,0.032212,0
2021-07-28,0.029808427,0.034708,0.039485,0
2021-07-29,0.003816383,0.033295,0.037876,0
2021-07-30,-0.009530071,0.032576,0.037057,0
2021-08-02,0.001192686,0.031153,0.035437,0
2021-08-03,-0.040757005,0.042039,0.047834,0
2021-08-05,0.015251967,0.041687,0.047434,0
2021-08-06,-0.002393664,0.039885,0.045381,0
2021-08-09,-0.022069424,0.04137,0.047073,0
2021-08-10,0.005271939,0.03973,0.045205,0
2021-08-11,0.003722342,0.038073,0.043318,0
2021-08-12,0.020608108,0.039363,0.044787,0
2021-08-13,0.00326273,0.037702,0.042895,0
2021-08-17,-0.012318969,0.037138,0.042253,0
2021-08-18,-0.012967059,0.036734,0.041793,0
2021-08-19,0.015326152,0.036844,0.041918,0
2021-08-20,-0.005327072,0.035432,0.04031,0
2021-08-23,-0.002106639,0.033905,0.038571,0
2021-08-24,-2.6289e-05,0.032411,0.036869,0
2021-08-26,0.001053838,0.030994,0.035255,0
2021-08-27,-0.054497195,0.049502,0.056334,1
2021-08-30,-0.006162935,0.047527,0.054085,0
2021-08-31,-0.042645224,0.055,0.062596,0
2021-09-01,-0.003036781,0.052614,0.059878,0
2021-09-02,0.010256125,0.050838,0.057856,0
2021-09-06,-0.023137573,0.051421,0.058519,0
2021-09-07,0.003329068,0.049208,0.055999,0
2021-09-08,0.038675477,0.054798,0.062365,0
2021-09-09,-0.03184688,0.057262,0.065172,0
2021-09-10,-0.002381783,0.054757,0.062319,0
2021-09-13,-0.000633588,0.052338,0.059564,0
2021-09-15,-0.031852628,0.055124,0.062737,0
2021-09-16,0.010397902,0.053226,0.060575,0
2021-09-17,-0.008545312,0.051251,0.058326,0
2021-09-20,-0.010701057,0.0496,0.056446,0
2021-09-21,0.011557289,0.048147,0.054791,0
2021-09-22,0.002815578,0.046066,0.052421,0
2021-09-24,-0.015553323,0.045461,0.051732,0
2021-09-27,0.002004487,0.043478,0.049473,0
2021-09-28,0.00065892,0.041561,0.04729,0
2021-09-29,-1.1664e-05,0.039727,0.045201,0
2021-09-30,0.000584323,0.037977,0.043208,0
2021-10-01,0.003498038,0.036391,0.041402,0
2021-10-05,0.009741498,0.035502,0.04039,0
2021-10-06,-0.067105521,0.059441,0.067653,1
2021-10-07,-0.015193273,0.057875,0.06587,0
2021-10-08,-0.019706731,0.05714,0.065033,0
2021-10-11,0.004619657,0.054716,0.062272,0
2021-10-12,0.002296216,0.052323,0.059547,0
2021-10-14,-0.000218159,0.050011,0.056914,0
2021-10-15,-0.020904321,0.050159,0.057082,0
2021-10-18,0.006599282,0.048182,0.054831,0
2021-10-19,-0.004361287,0.046163,0.052531,0
2021-10-20,-0.000251072,0.044124,0.050209,0
2021-10-21,0.006630487,0.042451,0.048304,0
2021-10-25,0.007819572,0.040974,0.046622,0
2021-10-26,0.014887685,0.040636,0.046237,0
2021-10-27,-0.019443619,0.041339,0.047037,0
2021-10-28,0.023458861,0.043043,0.048978,0
2021-10-29,0.002241933,0.041175,0.046851,0
2021-11-01,0.031151567,0.045416,0.051681,0
2021-11-03,0.000417613,0.043412,0.049398,0
2021-11-04,0.022105224,0.044502,0.05064,0
2021-11-05,-0.019277727,0.044789,0.050966,0
2021-11-08,0.016761323,0.044513,0.050652,0
2021-11-09,-0.004326507,0.042664,0.048546,0
2021-11-10,-0.005293141,0.040962,0.046608,0
2021-11-12,0.011317343,0.040011,0.045525,0
2021-11-15,0.001189922,0.038255,0.043525,0
2021-11-16,-0.001471385,0.036584,0.041622,0
2021-11-17,0.000324105,0.034972,0.039786,0
2021-11-18,-0.002038386,0.033463,0.038067,0
2021-11-19,0.006745007,0.032364,0.036816,0
2021-11-23,0.011910909,0.032132,0.036552,0
2021-11-24,-0.006687004,0.031101,0.035377,0
2021-11-25,-0.004669888,0.029926,0.034039,0
2021-11-26,0.010593406,0.029632,0.033704,0
2021-11-29,-0.001138375,0.028341,0.032234,0
2021-11-30,-0.036593388,0.038005,0.04324,0
2021-12-02,0.004186813,0.036456,0.041476,0
2021-12-03,-0.002960717,0.034915,0.039721,0
2021-12-06,0.004493126,0.033537,0.038152,0
2021-12-07,0.006043859,0.03236,0.036811,0
2021-12-08,0.029917332,0.037835,0.043047,0
2021-12-09,0.014651082,0.037706,0.0429,0
2021-12-13,-0.024510793,0.040215,0.045757,0
2021-12-14,-0.012666666,0.039531,0.044978,0
2021-12-15,-0.005518582,0.038,0.043234,0
2021-12-16,0.0248205,0.040567,0.046158,0
2021-12-17,0.018388179,0.041021,0.046675,0
2021-12-20,-0.01491686,0.040685,0.046292,0
2021-12-22,0.000812144,0.038894,0.044253,0
2021-12-23,-0.004879967,0.037348,0.042492,0
2021-12-24,0.021405218,0.038952,0.044319,0
2021-12-27,-0.010248849,0.037974,0.043205,0
2021-12-28,0.016907151,0.038328,0.043608,0
2021-12-29,0.012159621,0.037691,0.042883,0
2021-12-31,0.005256058,0.036232,0.041221,0
2022-01-03,-0.012676906,0.035843,0.040778,0
2022-01-04,-0.005112099,0.034465,0.039208,0
2022-01-05,0.012449159,0.03417,0.038873,0
2022-01-06,0.001782553,0.03269,0.037187,0
2022-01-07,-0.012388989,0.032527,0.037001,0
2022-01-11,-0.002823504,0.031163,0.035448,0
2022-01-12,-0.005555991,0.030065,0.034197,0
2022-01-13,-0.004581914,0.028935,0.03291,0
2022-01-14,-0.010300303,0.028663,0.032601,0
2022-01-17,0.007079446,0.027884,0.031713,0
2022-01-18,-0.009453546,0.027534,0.031315,0
2022-01-20,0.001316198,0.026341,0.029956,0
2022-01-21,0.028994869,0.032873,0.037395,0
2022-01-24,0.027525459,0.037272,0.042405,0
2022-01-25,0.004327173,0.035767,0.040691,0
2022-01-26,-0.004581851,0.034353,0.039081,0
2022-01-27,-0.008519866,0.03342,0.038018,0
2022-01-31,0.006815508,0.032331,0.036778,0
2022-02-01,0.003176948,0.030994,0.035255,0
2022-02-02,0.00029265,0.02963,0.033702,0
2022-02-03,-0.063145936,0.053973,0.061426,1
2022-02-04,0.000211039,0.051587,0.058709,0
2022-02-07,0.006893586,0.049561,0.056401,0
2022-02-09,-0.002113054,0.047396,0.053935,0
2022-02-10,-0.009195721,0.045793,0.05211,0
2022-02-11,0.029034585,0.048598,0.055304,0
2022-02-14,0.009996405,0.047016,0.053503,0
2022-02-15,0.004860112,0.045078,0.051296,0
2022-02-16,0.003480371,0.043162,0.049113,0
2022-02-18,-0.014604928,0.042603,0.048477,0
2022-02-21,0.021942013,0.043739,0.049771,0
2022-02-22,-0.026625297,0.046075,0.052431,0
2022-02-23,-0.003864763,0.04413,0.050216,0
2022-02-24,0.003699505,0.042267,0.048094,0
2022-02-25,0.008416675,0.040863,0.046495,0
2022-02-28,0.012449248,0.040097,0.045623,0
2022-03-02,0.013537588,0.039573,0.045026,0
2022-03-03,0.012615982,0.038926,0.044289,0
2022-03-04,-0.001951069,0.037236,0.042364,0
2022-03-07,0.002678363,0.035647,0.040555,0
2022-03-08,-0.012910577,0.035349,0.040215,0
2022-03-09,-0.019119104,0.036545,0.041577,0
2022-03-11,0.037851657,0.044486,0.050621,0
2022-03-14,0.022462303,0.045553,0.051836,0
2022-03-15,-0.024266805,0.046982,0.053464,0
2022-03-16,0.005381288,0.045077,0.051294,0
2022-03-17,0.018465426,0.045131,0.051356,0
2022-03-18,-0.031324071,0.048784,0.055516,0
2022-03-22,-0.017597497,0.048353,0.055025,0
2022-03-23,-0.017276157,0.047893,0.054502,0
2022-03-24,0.008642351,0.046207,0.052581,0
2022-03-25,-0.015039971,0.045501,0.051777,0
2022-03-28,-0.005148906,0.043652,0.049672,0
2022-03-29,0.005952648,0.041949,0.047732,0
2022-03-31,0.091602781,0.077713,0.088463,0
2022-04-01,0.015470212,0.075117,0.085506,0
2022-04-04,-0.010377093,0.072185,0.082167,0
2022-04-05,0.015520088,0.069904,0.07957,0
2022-04-06,-0.011236513,0.067306,0.076611,0
2022-04-07,0.020604106,0.066046,0.075176,0
2022-04-11,-0.007542374,0.06336,0.072117,0
2022-04-12,0.02176562,0.062588,0.071237,0
2022-04-13,-0.011918631,0.060443,0.068794,0
2022-04-14,0.00234519,0.057794,0.065778,0
2022-04-15,-0.010842321,0.055797,0.063503,0
2022-04-18,-0.016587573,0.054676,0.062227,0
2022-04-20,0.000988156,0.052263,0.059478,0
2022-04-21,-0.007832971,0.050277,0.057217,0
2022-04-22,0.019654645,0.050135,0.057055,0
2022-04-25,-0.007110155,0.048198,0.054849,0
2022-04-26,-0.003627677,0.046144,0.05251,0
2022-04-27,0.006230909,0.044338,0.050453,0
2022-04-29,-0.004182031,0.042489,0.048347,0
2022-05-02,-0.003653527,0.040701,0.046311,0
2022-05-03,-0.013770383,0.040174,0.04571,0
2022-05-04,0.002119004,0.038433,0.043728,0
2022-05-05,0.003066981,0.036805,0.041874,0
2022-05-06,-0.004216185,0.035316,0.040178,0
2022-05-10,0.003794398,0.033872,0.038533,0
2022-05-11,-0.0157019,0.034339,0.039065,0
2022-05-12,0.002578368,0.03288,0.037403,0
2022-05-13,0.0049935,0.031642,0.035993,0
2022-05-16,-0.003552398,0.030359,0.034532,0
2022-05-17,-0.007427198,0.029523,0.03358,0
2022-05-19,-0.01306021,0.029785,0.033879,0
2022-05-20,-0.010078419,0.029407,0.033448,0
2022-05-23,-0.009870468,0.029019,0.033006,0
2022-05-24,0.000214961,0.027743,0.031553,0
2022-05-25,-0.000175435,0.026523,0.030164,0
2022-05-26,0.006573955,0.025807,0.029348,0
2022-05-30,0.002060495,0.024719,0.028109,0
2022-05-31,-0.016112996,0.026394,0.030017,0
2022-06-01,0.003527121,0.025365,0.028845,0
2022-06-02,-0.005048214,0.024529,0.027893,0
2022-06-03,0.001493885,0.023477,0.026694,0
2022-06-06,0.019624983,0.026623,0.030277,0
2022-06-08,0.010204508,0.026519,0.030159,0
2022-06-09,-0.017584887,0.02841,0.032313,0
2022-06-10,0.007743566,0.027741,0.031551,0
2022-06-13,-0.011497953,0.027814,0.031634,0
2022-06-14,0.007553344,0.027155,0.030883,0
2022-06-15,0.000890764,0.02597,0.029534,0
2022-06-17,-0.029840666,0.033005,0.037546,0
2022-06-20,-0.01149472,0.032643,0.037134,0
2022-06-21,0.005900599,0.0315,0.035832,0
2022-06-22,0.013202081,0.031612,0.035959,0
2022-06-23,-0.002652777,0.030282,0.034445,0
2022-06-24,-0.028658132,0.035689,0.040603,0
2022-06-28,-0.012543162,0.035317,0.040179,0
2022-06-29,0.002242433,0.0338,0.038451,0
2022-06-30,0.005049938,0.032519,0.036992,0
2022-07-01,0.001833791,0.031116,0.035394,0
2022-07-04,-0.001203164,0.029759,0.033849,0
2022-07-05,0.006100438,0.028795,0.032751,0
2022-07-07,0.001651763,0.027554,0.031338,0
2022-07-08,0.00822488,0.027017,0.030726,0
2022-07-11,-0.015107835,0.028079,0.031936,0
2022-07-12,-0.029541383,0.034406,0.039141,0
2022-07-13,-0.004192893,0.033032,0.037576,0
2022-07-14,-0.018568486,0.03435,0.039078,0
2022-07-18,0.004702774,0.033015,0.037557,0
2022-07-19,0.002543941,0.031615,0.035963,0
2022-07-20,0.001100072,0.030234,0.03439,0
2022-07-21,0.008857058,0.029615,0.033685,0
2022-07-22,-0.010264613,0.029283,0.033307,0
2022-07-25,0.001691601,0.028022,0.031871,0
2022-07-27,0.004336413,0.026976,0.030679,0
2022-07-28,0.035672402,0.036611,0.041653,0
2022-07-29,-0.011784811,0.036033,0.040994,0
2022-08-01,0.01038376,0.035264,0.040119,0
2022-08-02,-0.001123844,0.03372,0.03836,0
2022-08-03,0.007110241,0.032648,0.037139,0
2022-08-05,-0.009136074,0.031911,0.0363,0
2022-08-08,0.002021968,0.030542,0.034741,0
2022-08-09,-0.016894543,0.031686,0.036044,0
2022-08-10,0.00743009,0.03077,0.035,0
2022-08-11,0.012119926,0.030713,0.034935,0
2022-08-12,-0.008259251,0.029971,0.03409,0
2022-08-16,0.005811158,0.028964,0.032943,0
2022-08-17,-0.02974834,0.035161,0.040001,0
2022-08-18,-0.016992935,0.035816,0.040747,0
2022-08-19,-0.014264204,0.035777,0.040703,0
2022-08-22,0.005705281,0.034451,0.039193,0
2022-08-23,-0.002467184,0.032982,0.03752,0
2022-08-25,-0.036314274,0.041144,0.046815,0
2022-08-26,0.000539157,0.039331,0.04475,0
2022-08-29,0.022615562,0.04104,0.046697,0
2022-08-30,-0.017976358,0.041352,0.047052,0
2022-08-31,0.005486644,0.039728,0.045202,0
2022-09-01,0.000500652,0.037977,0.043208,0
2022-09-05,-0.007362057,0.036695,0.041748,0
2022-09-06,0.006061307,0.035354,0.040221,0
2022-09-07,-0.004986568,0.03399,0.038668,0
2022-09-08,-0.00422904,0.032638,0.037128,0
2022-09-09,0.010586125,0.032139,0.03656,0
2022-09-12,0.000483166,0.030726,0.03495,0
2022-09-13,-0.015745794,0.031534,0.03587,0
2022-09-15,-0.009670931,0.030958,0.035214,0
2022-09-16,-0.013294133,0.03114,0.035422,0
2022-09-19,0.004492515,0.029948,0.034064,0
2022-09-20,0.010063282,0.029555,0.033617,0
2022-09-21,0.030072869,0.03575,0.040672,0
2022-09-22,-0.00023586,0.034175,0.038878,0
2022-09-26,-0.002516228,0.03272,0.037221,0
2022-09-27,-0.013628345,0.032816,0.037331,0
2022-09-28,-0.015826279,0.033421,0.03802,0
2022-09-29,-0.00021138,0.031949,0.036343,0
2022-09-30,-0.000609316,0.030546,0.034745,0
2022-10-03,0.022127712,0.033355,0.037944,0
2022-10-05,0.002647539,0.031943,0.036336,0
2022-10-06,-0.042297899,0.043363,0.049342,0
2022-10-07,-0.001930344,0.041473,0.04719,0
2022-10-10,0.008973131,0.040176,0.045713,0
2022-10-11,-0.005013681,0.038577,0.043892,0
2022-10-12,0.006608128,0.037187,0.042309,0
2022-10-14,-0.068043354,0.060924,0.069342,1
2022-10-17,-0.017567606,0.059611,0.067847,0
2022-10-18,0.000426395,0.056975,0.064845,0
2022-10-19,0.005688619,0.054612,0.062154,0
2022-10-20,0.022662019,0.054736,0.062295,0
2022-10-21,0.004485509,0.052417,0.059654,0
2022-10-25,-0.003709106,0.050173,0.057098,0
2022-10-26,0.045294958,0.058171,0.066207,0
2022-10-27,-0.004576953,0.055698,0.06339,0
2022-10-28,-0.042819709,0.061664,0.070185,0
2022-10-31,-0.00351773,0.058991,0.067141,0
2022-11-01,0.015968078,0.057564,0.065516,0
2022-11-03,0.00276397,0.055054,0.062657,0
2022-11-04,0.006123936,0.052808,0.060099,0
2022-11-07,0.003199013,0.050527,0.057501,0
2022-11-08,0.004110425,0.048387,0.055064,0
2022-11-09,0.000796391,0.046253,0.052634,0
2022-11-10,-0.018969317,0.046312,0.052701,0
2022-11-14,0.018932503,0.046359,0.052754,0
2022-11-15,0.00378943,0.044397,0.05052,0
2022-11-16,0.000839846,0.042441,0.048292,0
2022-11-17,0.010980671,0.041347,0.047046,0
2022-11-18,-0.006192829,0.039778,0.045259,0
2022-11-21,0.015877554,0.03974,0.045216,0
2022-11-23,-0.005655036,0.038209,0.043473,0
2022-11-24,0.00737447,0.036916,0.042,0
2022-11-25,0.004476566,0.035439,0.040318,0
2022-11-28,0.002085455,0.033911,0.038578,0
2022-11-29,0.013471941,0.033869,0.03853,0
2022-11-30,-0.003728558,0.03249,0.036959,0
2022-12-02,0.014252575,0.032748,0.037253,0
2022-12-05,-0.008919492,0.031973,0.03637,0
2022-12-06,-0.003011338,0.030643,0.034856,0
2022-12-07,-0.015522724,0.031402,0.03572,0
2022-12-08,-0.008903614,0.030712,0.034934,0
2022-12-09,-0.002553875,0.029419,0.033462,0
2022-12-13,-0.005263109,0.028385,0.032284,0
2022-12-14,-0.017096379,0.02986,0.033964,0
2022-12-15,-0.001147353,0.028559,0.032482,0
2022-12-16,-0.019737762,0.030859,0.035102,0
2022-12-19,-0.017850272,0.03224,0.036674,0
2022-12-20,-0.006831579,0.031219,0.035512,0
2022-12-22,0.01212075,0.031124,0.035403,0
2022-12-23,-0.023006999,0.034148,0.038847,0
2022-12-26,-0.014745618,0.034364,0.039094,0
2022-12-27,-0.00731473,0.033279,0.037858,0
2022-12-28,-0.01345531,0.033288,0.037868,0
2022-12-29,-0.012247153,0.033048,0.037595,0
2023-01-02,-0.070361707,0.060139,0.068448,1
2023-01-03,0.024262078,0.060122,0.068429,0
2023-01-04,0.015385774,0.05854,0.066627,0
2023-01-05,-0.014558163,0.056942,0.064807,0
2023-01-06,0.001775591,0.05444,0.061958,0
2023-01-09,-0.011689636,0.052722,0.060001,0
2023-01-11,-0.00139004,0.050402,0.057359,0
2023-01-12,-0.009988402,0.048719,0.055442,0
2023-01-13,0.039665461,0.054773,0.062337,0
2023-01-16,0.008181459,0.052688,0.059962,0
2023-01-17,-0.00422644,0.050452,0.057416,0
2023-01-18,-0.005019707,0.048361,0.055034,0
2023-01-20,-0.017855332,0.048013,0.054638,0
2023-01-23,-0.028269608,0.050286,0.057227,0
2023-01-24,-0.020299631,0.050279,0.057219,0
2023-01-25,-0.003670408,0.048131,0.054773,0
2023-01-26,0.000551765,0.046006,0.052352,0
2023-01-27,0.00389873,0.044066,0.050143,0
2023-01-31,0.001516482,0.042134,0.047943,0
2023-02-01,0.01142427,0.041123,0.046791,0
2023-02-02,-0.010652921,0.040066,0.045587,0
2023-02-03,-0.001090947,0.038306,0.043583,0
2023-02-06,0.007764879,0.03705,0.042153,0
2023-02-07,0.003342489,0.0355,0.040387,0
2023-02-09,-0.007073689,0.034324,0.039048,0
2023-02-10,0.008149349,0.033344,0.037932,0
2023-02-13,-0.035436212,0.041004,0.046656,0
2023-02-14,0.007039216,0.039528,0.044975,0
2023-02-15,0.004747798,0.037942,0.043168,0
2023-02-16,0.018205477,0.038613,0.043933,0
2023-02-20,-0.004808748,0.037076,0.042182,0
2023-02-21,0.002525036,0.035489,0.040375,0
2023-02-22,-0.007504814,0.034362,0.039091,0
2023-02-23,0.015626582,0.034763,0.039548,0
2023-02-24,0.025701241,0.038136,0.043389,0
2023-02-27,0.020488305,0.039386,0.044813,0
2023-03-01,-0.003269087,0.037723,0.042919,0
2023-03-02,0.013068557,0.037293,0.042429,0
2023-03-03,0.00234546,0.03569,0.040604,0
2023-03-06,-0.015820187,0.036008,0.040966,0
2023-03-07,0.006952532,0.034791,0.03958,0
2023-03-08,0.006339606,0.033577,0.038197,0
2023-03-10,-0.000422397,0.032099,0.036514,0
2023-03-13,0.056811855,0.051479,0.058586,0
2023-03-14,-0.022983977,0.051964,0.059138,0
2023-03-15,-0.02424279,0.052702,0.059978,0
2023-03-16,-0.021301016,0.052699,0.059975,0
2023-03-17,0.017833046,0.052011,0.059191,0
2023-03-21,0.011127112,0.050366,0.057318,0
2023-03-22,-0.011463847,0.048856,0.055598,0
2023-03-23,-0.020477294,0.049014,0.055778,0
2023-03-24,0.005796858,0.047038,0.053528,0
2023-03-27,-0.00056105,0.044962,0.051163,0
2023-03-28,-0.008519603,0.043421,0.049408,0
2023-03-30,-0.009534196,0.04208,0.047881,0
2023-03-31,0.004174344,0.040337,0.045896,0
2023-04-03,0.001022126,0.038564,0.043877,0
2023-04-04,0.011600164,0.037818,0.043027,0
2023-04-05,0.005265639,0.036353,0.041359,0
2023-04-06,-0.007285048,0.035152,0.039991,0
2023-04-07,-0.018326146,0.036155,0.041133,0
2023-04-11,0.019542417,0.037374,0.042522,0
2023-04-12,0.022230788,0.03922,0.044624,0
2023-04-13,-0.001726442,0.03751,0.042677,0
2023-04-14,-0.016941544,0.037917,0.04314,0
2023-04-17,-0.011576746,0.037212,0.042337,0
2023-04-18,0.000224848,0.035571,0.040468,0
2023-04-20,0.028529243,0.039843,0.045333,0
2023-04-21,0.019260525,0.040582,0.046175,0
2023-04-24,-0.001085203,0.038799,0.044145,0
2023-04-25,-0.01077013,0.037907,0.043129,0
2023-04-26,-0.013128291,0.037474,0.042635,0
2023-04-27,0.010797111,0.036674,0.041724,0
2023-05-01,-0.002013834,0.035087,0.039917,0
2023-05-02,0.008325934,0.034085,0.038776,0
2023-05-03,-0.008054161,0.033106,0.037661,0
2023-05-04,0.026423936,0.037037,0.042138,0
2023-05-05,0.048024335,0.049739,0.056604,0
2023-05-08,0.001765106,0.047559,0.054121,0
2023-05-10,-3.9536e-05,0.045458,0.051728,0
2023-05-11,-0.013215794,0.044501,0.050638,0
2023-05-12,-0.017151595,0.044328,0.050441,0
2023-05-15,-0.021897824,0.045265,0.051509,0
2023-05-16,-0.005568583,0.043456,0.049448,0
2023-05-17,-0.006742089,0.041826,0.047592,0
2023-05-19,-0.005003772,0.040145,0.045677,0
2023-05-22,0.00336699,0.038452,0.043749,0
2023-05-23,-0.020158027,0.039576,0.045029,0
2023-05-24,-0.001879619,0.037854,0.043068,0
2023-05-25,-0.018631443,0.038642,0.043966,0
2023-05-26,-0.001880068,0.036963,0.042054,0
2023-05-30,-0.025183895,0.039805,0.04529,0
2023-05-31,-0.002930795,0.038108,0.043358,0
2023-06-01,0.006541,0.036737,0.041796,0
2023-06-02,-0.008523622,0.035662,0.040572,0
2023-06-05,0.0080346,0.034588,0.039349,0
2023-06-06,-0.001764172,0.033089,0.037641,0
2023-06-08,0.004457818,0.031797,0.03617,0
2023-06-09,0.009889664,0.031239,0.035535,0
2023-06-12,-0.001543865,0.029885,0.033992,0
2023-06-13,0.00186009,0.028602,0.032531,0
2023-06-14,0.001882594,0.027379,0.031138,0
2023-06-15,0.003241767,0.026282,0.029889,0
2023-06-19,-0.012518229,0.026733,0.030403,0
2023-06-20,-0.026501759,0.032035,0.036441,0
2023-06-21,0.027276826,0.036502,0.041528,0
2023-06-22,-0.007418422,0.035308,0.040169,0
2023-06-23,0.021860713,0.037315,0.042454,0
2023-06-26,0.012015076,0.036727,0.041785,0
2023-06-28,0.009805687,0.035826,0.040759,0
2023-06-29,-0.006348525,0.034557,0.039313,0
2023-06-30,-0.012072076,0.034184,0.038888,0
2023-07-03,-0.020520225,0.035931,0.040878,0
2023-07-04,-0.01276371,0.035582,0.040481,0
2023-07-05,0.007873565,0.034493,0.03924,0
2023-07-07,-0.02590593,0.037986,0.043219,0
2023-07-10,-0.009056667,0.036904,0.041986,0
2023-07-11,0.018229665,0.03769,0.042881,0
2023-07-12,0.010949669,0.036899,0.041981,0
2023-07-13,-0.002246344,0.03531,0.040171,0
2023-07-14,0.008986406,0.034382,0.039114,0
2023-07-18,-0.008397891,0.033431,0.038031,0
2023-07-19,0.005092838,0.032173,0.036598,0
2023-07-20,0.001545228,0.030777,0.035008,0
2023-07-21,-0.008749084,0.030105,0.034243,0
2023-07-24,-0.001642787,0.028805,0.032762,0
2023-07-25,0.012058305,0.028906,0.032877,0
2023-07-27,-0.002562201,0.027698,0.031502,0
2023-07-28,-0.002272495,0.026532,0.030174,0
2023-07-31,-0.017819824,0.028499,0.032414,0
2023-08-01,0.053898742,0.047762,0.054352,0
2023-08-02,-0.022898789,0.048594,0.0553,0
2023-08-03,-0.006513653,0.046688,0.053129,0
2023-08-07,-0.012772754,0.045583,0.051871,0
2023-08-08,0.007963592,0.043953,0.050014,0
2023-08-09,0.003493819,0.042089,0.047891,0
2023-08-10,0.000426314,0.040233,0.045778,0
2023-08-11,0.03637163,0.04668,0.05312,0
2023-08-14,0.01913614,0.046739,0.053187,0
2023-08-16,-0.000900308,0.044679,0.050841,0
2023-08-17,0.015730212,0.044212,0.050309,0
2023-08-18,0.012348667,0.043204,0.049161,0
2023-08-21,-0.013013234,0.042368,0.048209,0
2023-08-22,-0.006184766,0.040747,0.046363,0
2023-08-23,-0.001057546,0.038957,0.044324,0
2023-08-25,0.003587983,0.03733,0.042471,0
2023-08-28,-0.006056574,0.035955,0.040905,0
2023-08-29,0.011522285,0.035379,0.040249,0
2023-08-30,-0.023687118,0.037962,0.043191,0
2023-08-31,0.02009629,0.039124,0.044515,0
2023-09-01,-0.031321606,0.043795,0.049834,0
2023-09-05,-0.024044546,0.045368,0.051626,0
2023-09-06,-0.021158636,0.046014,0.052362,0
2023-09-07,0.005043524,0.044135,0.050222,0
2023-09-08,0.007351596,0.042524,0.048387,0
2023-09-11,0.003706105,0.040736,0.046351,0
2023-09-12,-0.005665403,0.039156,0.044551,0
2023-09-14,0.006060813,0.037688,0.042879,0
2023-09-15,-0.0105826,0.03684,0.041913,0
2023-09-18,-0.011674575,0.036227,0.041215,0
2023-09-19,-0.008655722,0.035199,0.040044,0
2023-09-20,-0.013452699,0.035044,0.039868,0
2023-09-21,-0.005085122,0.033703,0.038341,0
2023-09-25,0.000726366,0.032223,0.036655,0
2023-09-26,-0.003496465,0.030909,0.035159,0
2023-09-27,-0.026271054,0.035202,0.040048,0
2023-09-28,0.0126913,0.034896,0.039699,0
2023-09-29,0.01607302,0.035352,0.040219,0
2023-10-02,-0.021247039,0.037165,0.042284,0
2023-10-04,0.009558406,0.036202,0.041187,0
2023-10-05,-0.019834895,0.037497,0.042662,0
2023-10-06,0.008369353,0.036358,0.041364,0
2023-10-09,-0.006336357,0.035059,0.039885,0
2023-10-10,-0.005938984,0.033792,0.038442,0
2023-10-11,0.000658584,0.032307,0.036751,0
2023-10-13,0.002189975,0.030925,0.035177,0
2023-10-16,0.007052651,0.030007,0.034131,0
2023-10-17,0.011376103,0.02986,0.033964,0
2023-10-18,-0.041828864,0.04174,0.047494,1
2023-10-19,0.001715929,0.039918,0.045419,0
2023-10-20,-0.0168137,0.04007,0.045592,0
2023-10-23,-0.009441096,0.038914,0.044275,0
2023-10-25,0.024285846,0.041182,0.046858,0
2023-10-26,-1.4004e-05,0.039364,0.044788,0
2023-10-27,-0.000205205,0.037628,0.042811,0
2023-10-30,0.005940883,0.036228,0.041216,0
2023-10-31,-0.004043827,0.034756,0.03954,0
2023-11-01,0.022180532,0.03694,0.042027,0
2023-11-03,-0.02041875,0.038312,0.04359,0
2023-11-06,0.019793956,0.039354,0.044777,0
2023-11-07,0.005594657,0.037837,0.043049,0
2023-11-08,0.037956673,0.045506,0.051783,0
2023-11-09,-0.008258335,0.04391,0.049965,0
2023-11-10,-0.002769619,0.042019,0.047812,0
2023-11-14,0.049994097,0.054175,0.061656,0
2023-11-15,-0.014723388,0.052875,0.060175,0
2023-11-16,-0.002561096,0.050572,0.057553,0
2023-11-17,-0.005182772,0.048483,0.055173,0
2023-11-20,0.016349017,0.047842,0.054443,0
2023-11-21,0.012662541,0.046647,0.053082,0
2023-11-23,-0.00427427,0.044694,0.050858,0
2023-11-24,-0.010500684,0.043398,0.049382,0
2023-11-27,-0.005473093,0.041673,0.047418,0
2023-11-28,-0.009966899,0.040489,0.046069,0
2023-11-29,0.012642889,0.03978,0.045262,0
2023-11-30,0.012644594,0.039123,0.044513,0
2023-12-04,-0.001451392,0.037412,0.042565,0
2023-12-05,0.017662659,0.038003,0.043238,0
2023-12-06,-0.005849836,0.036576,0.041613,0
2023-12-07,0.005728299,0.035211,0.040058,0
2023-12-08,0.014181711,0.035207,0.040054,0
2023-12-11,-0.012087471,0.034787,0.039575,0
2023-12-13,-0.017512099,0.035615,0.040518,0
2023-12-14,-0.009731013,0.034774,0.03956,0
2023-12-15,0.001653115,0.033264,0.037841,0
2023-12-18,-0.003567394,0.031904,0.036292,0
2023-12-19,0.003529894,0.030608,0.034816,0
2023-12-20,0.010907532,0.030321,0.034489,0
2023-12-22,0.007282856,0.029468,0.033518,0
2023-12-25,5.1483e-05,0.028171,0.03204,0
2023-12-26,0.016692265,0.029553,0.033614,0
2023-12-27,0.0039667,0.0284,0.032301,0
2023-12-28,0.015761545,0.029481,0.033532,0
2023-12-29,0.00181358,0.028215,0.03209,0
2024-01-02,-0.00635477,0.027369,0.031127,0
2024-01-03,0.03800454,0.03809,0.043337,0
2024-01-04,-0.012681561,0.037562,0.042736,0
2024-01-05,0.007799273,0.036351,0.041357,0
2024-01-08,0.000765807,0.034753,0.039537,0
2024-01-09,-0.023149148,0.037252,0.042383,0
2024-01-11,0.01037266,0.036401,0.041413,0
2024-01-12,0.003304882,0.034879,0.03968,0
2024-01-15,-0.002488139,0.033391,0.037985,0
2024-01-16,0.004448568,0.032084,0.036497,0
2024-01-17,0.006967786,0.031089,0.035364,0
2024-01-18,-0.000195764,0.02972,0.033805,0
2024-01-22,0.004258973,0.028582,0.032508,0
2024-01-23,0.001161631,0.027338,0.031092,0
2024-01-24,-0.009996282,0.027133,0.030858,0
2024-01-25,0.004386416,0.026137,0.029724,0
2024-01-26,0.04372134,0.040475,0.046053,0
2024-01-29,-0.004404339,0.038822,0.044171,0
2024-01-31,-0.000613581,0.037112,0.042223,0
2024-02-01,0.005356321,0.035689,0.040603,0
2024-02-02,-0.001933676,0.034145,0.038844,0
2024-02-05,0.039063357,0.043286,0.049255,0
2024-02-06,-0.009192404,0.041912,0.04769,0
2024-02-07,0.006226666,0.040318,0.045874,0
2024-02-09,0.006575406,0.038835,0.044185,0
2024-02-12,-0.019321624,0.039695,0.045165,0
2024-02-13,0.007050816,0.03829,0.043565,0
2024-02-14,0.022349043,0.040052,0.045571,0
2024-02-15,0.002220029,0.038319,0.043598,0
2024-02-16,-0.024252179,0.040659,0.046263,0
2024-02-20,0.006310905,0.039135,0.044527,0
2024-02-21,-0.016840549,0.039365,0.044789,0
2024-02-22,-0.032299202,0.044364,0.050482,0
2024-02-23,0.002119626,0.042433,0.048283,0
2024-02-26,0.023947553,0.044143,0.050231,0
2024-02-27,0.016039556,0.043778,0.049815,0
2024-02-29,0.017444536,0.043727,0.049757,0
2024-03-01,0.006706452,0.04208,0.047881,0
2024-03-04,0.003403285,0.040299,0.045853,0
2024-03-05,0.000856733,0.038526,0.043833,0
2024-03-06,-0.009735096,0.037502,0.042667,0
2024-03-07,-0.011939512,0.036887,0.041967,0
2024-03-11,0.009008224,0.035865,0.040803,0
2024-03-12,-0.04964867,0.049799,0.056672,0
2024-03-13,-0.010900544,0.048254,0.054913,0
2024-03-14,0.015116185,0.047414,0.053956,0
2024-03-15,0.030658286,0.050506,0.057477,0
2024-03-18,-0.005135163,0.048419,0.0551,0
2024-03-20,0.007705795,0.046617,0.053048,0
2024-03-21,0.020626714,0.047016,0.053503,0
2024-03-22,0.003221993,0.045,0.051207,0
2024-03-25,-0.019185468,0.04522,0.051457,0
2024-03-26,0.002037686,0.043248,0.049211,0
2024-03-27,-0.013651182,0.042515,0.048377,0
2024-03-29,0.006039368,0.040875,0.046509,0
2024-04-01,-0.012892786,0.040182,0.04572,0
2024-04-02,-0.012793121,0.039521,0.044967,0
2024-04-03,-0.00545993,0.037986,0.043219,0
2024-04-04,-0.000277822,0.036311,0.041311,0
2024-04-05,0.016352852,0.036695,0.041748,0
2024-04-09,-0.011535353,0.036069,0.041035,0
2024-04-10,0.033995288,0.042436,0.048287,0
2024-04-11,-0.002939138,0.04062,0.046218,0
2024-04-12,-0.00474644,0.03898,0.044351,0
2024-04-15,0.023477306,0.040991,0.046641,0
2024-04-16,-0.007774331,0.039588,0.045043,0
2024-04-18,0.00468505,0.037995,0.043229,0
2024-04-19,-0.006092828,0.036589,0.041628,0
2024-04-22,-0.00065035,0.034979,0.039794,0
2024-04-23,0.005695435,0.033694,0.03833,0
2024-04-24,0.006138801,0.032518,0.036991,0
2024-04-25,-0.015500751,0.033073,0.037623,0
2024-04-29,0.009400768,0.032349,0.036799,0
2024-04-30,0.011306582,0.032002,0.036403,0
2024-05-01,-0.006048709,0.030909,0.035159,0
2024-05-02,-0.023663255,0.034207,0.038915,0
2024-05-03,0.008078854,0.033225,0.037796,0
2024-05-06,0.00787692,0.032276,0.036715,0
2024-05-07,-0.003165588,0.03094,0.035194,0
2024-05-09,-0.028721055,0.036226,0.041214,0
2024-05-10,-0.003795407,0.034739,0.039521,0
2024-05-13,-0.028437671,0.039132,0.044524,0
2024-05-14,0.006521136,0.037706,0.0429,0
2024-05-15,-0.020972825,0.039142,0.044535,0
2024-05-16,0.002276533,0.037452,0.04261,0
2024-05-20,0.001049633,0.035809,0.040739,0
2024-05-21,-0.011860814,0.035303,0.040163,0
2024-05-22,-0.009734806,0.034483,0.039229,0
2024-05-23,0.002533289,0.033015,0.037557,0
2024-05-24,0.004362133,0.03172,0.036082,0
2024-05-27,-0.016651853,0.03266,0.037153,0
2024-05-29,0.00414587,0.031367,0.03568,0
2024-05-30,-0.037509506,0.040557,0.046147,0
2024-05-31,0.000163191,0.038767,0.044108,0
2024-06-03,-0.005097693,0.037243,0.042372,0
2024-06-04,0.002986204,0.035667,0.040577,0
2024-06-05,-0.008862714,0.0347,0.039476,0
2024-06-07,-7.1882e-05,0.033171,0.037735,0
2024-06-10,-0.010063447,0.032546,0.037023,0
2024-06-11,-0.015652896,0.033135,0.037694,0
2024-06-12,0.011511959,0.032767,0.037275,0
2024-06-13,-0.029366581,0.037925,0.043149,0
2024-06-14,0.014513226,0.03776,0.042961,0
2024-06-18,-0.033022392,0.043362,0.049341,0
2024-06-19,0.019160344,0.043728,0.049758,0
2024-06-20,-0.020636645,0.044412,0.050537,0
2024-06-21,-0.025574887,0.046347,0.052741,0
2024-06-24,-0.014150132,0.04548,0.051753,0
2024-06-25,0.012236128,0.044373,0.050493,0
2024-06-27,0.000410041,0.042415,0.048263,0
2024-06-28,-0.005937101,0.040772,0.046392,0
2024-07-01,0.004556805,0.039114,0.044503,0
2024-07-02,0.012127342,0.038416,0.043708,0
2024-07-03,-0.014134295,0.038135,0.043388,0
2024-07-04,0.001764208,0.036476,0.041499,0
2024-07-08,0.026115559,0.039713,0.045185,0
2024-07-09,-0.003265511,0.038035,0.043274,0
2024-07-10,-0.003866657,0.036466,0.041487,0
2024-07-11,-0.00067793,0.034862,0.039661,0
2024-07-12,0.020764006,0.036594,0.041633,0
2024-07-15,-0.01015211,0.035753,0.040675,0
2024-07-17,-0.00208685,0.034211,0.038919,0
2024-07-18,-0.031774789,0.040056,0.045576,0
2024-07-19,0.003957753,0.038397,0.043687,0
2024-07-22,-0.016367526,0.038588,0.043904,0
2024-07-23,-0.022670102,0.040407,0.045976,0
2024-07-24,0.012639872,0.039704,0.045175,0
2024-07-26,-0.030564676,0.043988,0.050054,0
2024-07-29,0.000591295,0.042048,0.047845,0
2024-07-30,0.00903371,0.040726,0.046339,0
2024-07-31,0.011662954,0.039843,0.045333,0
2024-08-01,0.001586441,0.038103,0.043352,0
2024-08-02,-0.013790033,0.03778,0.042984,0
2024-08-06,0.019635241,0.038839,0.04419,0
2024-08-07,0.015779827,0.038861,0.044215,0
2024-08-08,-0.00189385,0.037173,0.042293,0
2024-08-09,-0.014769611,0.037124,0.042237,0
2024-08-12,-0.001792031,0.035511,0.0404,0
2024-08-13,-0.011451263,0.034955,0.039767,0
2024-08-15,-0.005724799,0.033673,0.038307,0
2024-08-16,-0.001223424,0.032202,0.036631,0
2024-08-19,0.00632915,0.031127,0.035407,0
2024-08-20,0.011682591,0.03095,0.035205,0
2024-08-21,-0.007828644,0.030133,0.034275,0
2024-08-22,0.018603414,0.031836,0.036214,0
2024-08-26,-0.021088892,0.03409,0.038781,0
2024-08-27,-0.001388421,0.032604,0.037089,0
2024-08-28,0.01100199,0.032182,0.036608,0
2024-08-29,-0.003120943,0.030848,0.035089,0
2024-08-30,0.00238775,0.029542,0.033602,0
2024-09-02,0.006175552,0.028598,0.032527,0
2024-09-04,0.015728123,0.029646,0.03372,0
2024-09-05,0.010212734,0.029302,0.033329,0
2024-09-06,0.028720472,0.034963,0.039776,0
2024-09-09,-0.003331895,0.03351,0.038121,0
2024-09-10,0.010791551,0.032984,0.037522,0
2024-09-11,0.002777868,0.031596,0.035941,0
2024-09-13,0.011576217,0.03136,0.035672,0
2024-09-16,-0.01327733,0.031501,0.035833,0
2024-09-17,0.007811471,0.030647,0.03486,0
2024-09-18,-0.000905494,0.029305,0.033332,0
2024-09-19,0.004523605,0.028209,0.032084,0
2024-09-20,-0.014263686,0.028903,0.032874,0
2024-09-24,0.001359989,0.02765,0.031447,0
2024-09-25,0.040233736,0.039462,0.0449,0
2024-09-26,-0.012726293,0.038842,0.044193,0
2024-09-27,0.010970547,0.037977,0.043208,0
2024-09-30,-0.002268469,0.03634,0.041344,0
2024-10-01,-0.016197471,0.036684,0.041736,0
2024-10-03,0.008649329,0.035628,0.040533,0
2024-10-04,0.021787617,0.037569,0.042744,0
2024-10-07,0.01084436,0.03677,0.041834,0
2024-10-08,-0.012328179,0.036276,0.041271,0
2024-10-09,-0.018644249,0.037239,0.042368,0
2024-10-10,-0.008059886,0.036077,0.041044,0
2024-10-14,0.005765652,0.034741,0.039523,0
2024-10-15,0.014526056,0.034854,0.039652,0
2024-10-16,0.001172059,0.033329,0.037915,0
2024-10-17,0.006940043,0.032259,0.036696,0
2024-10-18,-0.008810691,0.031499,0.035831,0
2024-10-21,-0.018611874,0.033023,0.037566,0
2024-10-23,0.005717151,0.031842,0.036221,0
2024-10-24,0.023017721,0.034751,0.039534,0
2024-10-25,-0.006441145,0.033549,0.038165,0
2024-10-28,-0.003201157,0.032155,0.036578,0
2024-10-29,0.017675292,0.033326,0.037911,0
2024-10-30,0.008104032,0.0324,0.036857,0
2024-11-01,-0.001509303,0.030993,0.035254,0
2024-11-04,0.000356701,0.02963,0.033702,0
2024-11-05,-0.004872491,0.028548,0.03247,0
2024-11-06,-0.020766482,0.031206,0.035497,0
2024-11-07,-0.021834496,0.033807,0.038459,0
2024-11-08,0.00611288,0.032623,0.037111,0
2024-11-12,-0.01014582,0.03205,0.036458,0
2024-11-13,0.010714113,0.031617,0.035965,0
2024-11-14,-0.00676775,0.030624,0.034834,0
2024-11-15,-0.008698982,0.029954,0.034071,0
2024-11-18,-0.013803973,0.030351,0.034523,0
2024-11-19,0.014547818,0.030891,0.035138,0
2024-11-21,-0.043876567,0.043499,0.049497,1
2024-11-22,-0.013363689,0.0427,0.048587,0
2024-11-25,-0.022819398,0.044062,0.050138,0
2024-11-26,-0.015388635,0.043578,0.049587,0
2024-11-27,0.00779365,0.042039,0.047834,0
2024-11-28,0.008594307,0.040667,0.046272,0
2024-11-29,0.005338116,0.039066,0.044449,0
2024-12-03,0.00172842,0.037364,0.04251,0
2024-12-04,0.009110847,0.036327,0.041329,0
2024-12-05,0.00395803,0.034845,0.039641,0
2024-12-06,0.009636788,0.03404,0.038725,0
2024-12-09,0.017312208,0.034897,0.0397,0
2024-12-10,0.003739337,0.03347,0.038075,0
2024-12-12,0.004700456,0.032178,0.036604,0
2024-12-13,0.001401961,0.030778,0.035009,0
2024-12-16,0.026483783,0.035182,0.040025,0
2024-12-17,-0.027828468,0.039261,0.044671,0
2024-12-18,0.00430174,0.037659,0.042846,0
2024-12-19,-0.016558795,0.037962,0.043191,0
2024-12-23,0.019278658,0.038906,0.044266,0
2024-12-24,-0.001572055,0.037208,0.042332,0
2024-12-25,-0.006809084,0.035911,0.040855,0
2024-12-26,0.011733356,0.035375,0.040245,0
2024-12-27,0.009394308,0.0345,0.039248,0
2024-12-30,-0.000307948,0.032981,0.037518,0
2025-01-01,0.004734198,0.031716,0.036078,0
2025-01-02,-0.009817197,0.031152,0.035435,0
2025-01-03,0.005488481,0.030048,0.034178,0
2025-01-06,-0.010136088,0.02966,0.033736,0
2025-01-07,-0.02199383,0.032569,0.037049,0
2025-01-08,-0.008158656,0.031697,0.036056,0
2025-01-10,-0.017943492,0.032999,0.037539,0
2025-01-13,0.028442492,0.037736,0.042934,0
2025-01-14,0.023704488,0.039985,0.045495,0
2025-01-15,-0.020640733,0.041066,0.046726,0
2025-01-16,-0.010560151,0.039999,0.045511,0
2025-01-17,-0.005331288,0.03843,0.043724,0
2025-01-21,0.003246843,0.036811,0.04188,0
2025-01-22,-0.010236241,0.035968,0.04092,0
2025-01-23,0.005185828,0.034589,0.03935,0
2025-01-24,-0.007367442,0.033498,0.038107,0
2025-01-27,-0.007129745,0.03244,0.036902,0
2025-01-28,0.001840615,0.03104,0.035308,0
2025-01-30,0.009069561,0.030401,0.03458,0
2025-01-31,-0.002859411,0.029137,0.033141,0
2025-02-03,0.010769088,0.02894,0.032916,0
2025-02-04,-0.02148454,0.031789,0.036161,0
2025-02-05,-0.002870498,0.030461,0.034648,0
2025-02-06,0.003399912,0.029225,0.033241,0
2025-02-10,-0.004212692,0.028108,0.031969,0
2025-02-11,-0.000762914,0.026878,0.030568,0
2025-02-12,0.003815103,0.025846,0.029393,0
2025-02-13,0.02800235,0.032049,0.036457,0
2025-02-14,0.010605125,0.031596,0.035941,0
2025-02-17,-0.004210816,0.030361,0.034535,0
2025-02-19,-0.014998195,0.031013,0.035277,0
2025-02-20,0.008762341,0.030328,0.034497,0
2025-02-21,-0.009539317,0.029815,0.033913,0
2025-02-24,-0.012446055,0.029911,0.034022,0
2025-02-25,0.003781477,0.028727,0.032674,0
2025-02-26,-0.016058661,0.029853,0.033956,0
2025-02-28,-0.014690948,0.030481,0.034671,0
2025-03-03,0.007438829,0.029639,0.033712,0
2025-03-04,-0.004009778,0.028485,0.032398,0
2025-03-05,0.021964647,0.031587,0.035931,0
2025-03-06,-0.014889918,0.032086,0.036499,0
2025-03-07,-0.015416691,0.032664,0.037157,0
2025-03-11,-0.046810415,0.046211,0.052586,1
2025-03-12,-0.026672822,0.048242,0.054899,0
2025-03-13,0.007190187,0.046406,0.052808,0
2025-03-14,-0.00581948,0.044558,0.050703,0
2025-03-17,-0.031689992,0.048426,0.055109,0
2025-03-18,-0.013091481,0.047256,0.053776,0
2025-03-20,-0.010528405,0.045813,0.052133,0
2025-03-21,-0.00334352,0.043857,0.049905,0
2025-03-24,0.002875381,0.041973,0.047759,0
2025-03-25,-0.006193405,0.040372,0.045936,0
2025-03-26,0.000425755,0.038592,0.043909,0
2025-03-27,-0.033937032,0.044391,0.050513,0
2025-03-31,-0.010834523,0.043157,0.049108,0
2025-04-01,0.01308218,0.042335,0.048172,0
2025-04-02,0.013938864,0.041718,0.047469,0
2025-04-03,0.019143752,0.042239,0.048062,0
2025-04-04,-0.008666758,0.040864,0.046496,0
2025-04-07,-0.000155047,0.039061,0.044443,0
2025-04-09,-0.00044817,0.03734,0.042483,0
2025-04-10,0.032560156,0.042841,0.048748,0
2025-04-11,0.000554055,0.040952,0.046597,0
2025-04-14,-0.007198942,0.039494,0.044936,0
2025-04-15,0.008351687,0.038238,0.043506,0
2025-04-16,-0.015454272,0.038243,0.043511,0
2025-04-18,-0.012023003,0.037589,0.042766,0
2025-04-21,0.002985768,0.035997,0.040953,0
2025-04-22,-0.007798867,0.034876,0.039677,0
2025-04-23,-0.002382025,0.033384,0.037977,0
2025-04-24,0.005036836,0.032123,0.036541,0
2025-04-25,-0.024422662,0.035487,0.040372,0
2025-04-29,-0.012721398,0.035165,0.040006,0
2025-04-30,-0.010749409,0.034514,0.039264,0
2025-05-01,-0.004954718,0.03319,0.037756,0
2025-05-02,-0.006353158,0.032063,0.036473,0
2025-05-05,-0.014018261,0.032308,0.036752,0
2025-05-06,0.01112314,0.03193,0.036321,0
2025-05-08,0.021378639,0.034266,0.038982,0
2025-05-09,0.008820301,0.03338,0.037973,0
2025-05-12,0.004695418,0.032092,0.036506,0
2025-05-13,0.021830061,0.034554,0.03931,0
2025-05-14,0.015128339,0.034819,0.039612,0
2025-05-15,0.0003643,0.033286,0.037866,0
2025-05-19,-0.034231456,0.040416,0.045986,0
2025-05-20,-0.016025126,0.040354,0.045915,0
2025-05-21,-0.001811588,0.038596,0.043913,0
2025-05-22,-0.004811884,0.037059,0.042163,0
2025-05-23,-0.008870352,0.036009,0.040967,0
2025-05-26,-7.87e-07,0.034421,0.039158,0
2025-05-28,0.001584876,0.032925,0.037455,0
2025-05-29,-0.027587275,0.037338,0.042481,0
2025-05-30,-0.002409963,0.035734,0.040654,0
2025-06-02,0.000912977,0.034166,0.038868,0
2025-06-03,0.006724974,0.033025,0.037569,0
2025-06-04,0.004100044,0.031712,0.036073,0
2025-06-06,0.008356567,0.030921,0.035172,0
2025-06-09,0.018180225,0.032391,0.036846,0
2025-06-10,0.002397529,0.031013,0.035277,0
2025-06-11,-0.000728737,0.029653,0.033728,0
2025-06-12,-0.002795275,0.028421,0.032325,0
2025-06-13,0.030664626,0.035174,0.040016,0
2025-06-16,-0.04119132,0.045045,0.051258,0
2025-06-18,-0.004567981,0.043184,0.049138,0
2025-06-19,0.001474757,0.041291,0.046983,0
2025-06-20,-5.6015e-05,0.039469,0.044908,0
2025-06-23,-0.00435115,0.03786,0.043075,0
2025-06-24,0.00138441,0.036205,0.04119,0
2025-06-25,0.015996279,0.036515,0.041543,0
2025-06-27,0.009692261,0.035611,0.040514,0
2025-06-30,0.007360055,0.034461,0.039204,0
2025-07-01,0.028025437,0.038748,0.044086,0
2025-07-02,-0.021778222,0.040287,0.045839,0
2025-07-03,0.000630094,0.038513,0.043819,0
2025-07-04,-0.006905452,0.037155,0.042272,0
2025-07-08,-0.005481174,0.03574,0.040661,0
2025-07-09,-0.012092104,0.035281,0.040138,0
2025-07-10,0.014546433,0.03535,0.040216,0
2025-07-11,0.010484231,0.034643,0.039411,0
2025-07-14,-0.004077489,0.03325,0.037825,0
2025-07-15,0.018212008,0.034441,0.039181,0
2025-07-17,-0.001130746,0.032934,0.037465,0
2025-07-18,0.017409566,0.03394,0.038611,0
2025-07-21,0.00454848,0.032613,0.037099,0
2025-07-22,-0.002265135,0.031221,0.035514,0
2025-07-23,0.042493261,0.042983,0.04891,0
2025-07-24,0.02776229,0.04578,0.052095,0
2025-07-28,-0.00314842,0.043818,0.049861,0
2025-07-29,-0.014131672,0.043127,0.049074,0
2025-07-30,0.003512583,0.041302,0.046995,0
2025-07-31,0.010635411,0.040231,0.045775,0
2025-08-01,0.012467763,0.039512,0.044956,0
2025-08-04,0.006590581,0.038072,0.043316,0
2025-08-06,-0.000766536,0.036397,0.041409,0
2025-08-07,0.008134247,0.035293,0.040151,0
2025-08-08,-0.01526632,0.035521,0.040411,0
2025-08-11,-0.005672226,0.034206,0.038914,0
2025-08-12,-0.037341074,0.042518,0.04838,0
2025-08-13,0.002172594,0.040672,0.046278,0
2025-08-15,-3.8215e-05,0.038877,0.044233,0
2025-08-18,-0.006131631,0.037429,0.042584,0
2025-08-19,0.010573943,0.036597,0.041637,0
2025-08-20,-0.00885443,0.035573,0.04047,0
2025-08-21,0.007817176,0.034478,0.039223,0
2025-08-22,0.0060045,0.033247,0.037821,0
2025-08-26,0.004271844,0.031935,0.036327,0
2025-08-27,-0.00312495,0.030613,0.034822,0
2025-08-28,0.017062866,0.031796,0.036169,0
2025-08-29,0.003631044,0.030511,0.034705,0
2025-09-01,-0.000764145,0.029174,0.033183,0
2025-09-02,0.00415695,0.028054,0.031907,0
2025-09-04,0.01834564,0.029969,0.034088,0
2025-09-05,-0.020250605,0.032225,0.036657,0
2025-09-08,0.003336108,0.030902,0.035151,0
2025-09-09,0.008731877,0.030219,0.034373,0
2025-09-10,-0.008175599,0.029497,0.033551,0
2025-09-11,0.007711873,0.028754,0.032704,0
2025-09-15,-0.000555558,0.027492,0.031267,0
2025-09-16,-0.016723999,0.028973,0.032954,0
2025-09-17,0.003265836,0.0278,0.031618,0
2025-09-18,0.008637526,0.027314,0.031064,0
2025-09-19,-0.003873706,0.026265,0.02987,0
2025-09-22,-0.032685547,0.034608,0.039371,0
2025-09-24,-0.016247259,0.035134,0.039971,0
2025-09-25,-0.004181807,0.033724,0.038365,0
2025-09-26,-0.00446255,0.032401,0.036858,0
2025-09-29,-0.00830733,0.03156,0.0359,0
2025-09-30,0.016630027,0.032511,0.036983,0
2025-10-01,-0.01242096,0.03237,0.036823,0
2025-10-03,0.00627685,0.03128,0.035581,0
2025-10-06,-0.003357268,0.030003,0.034127,0
2025-10-07,0.022307261,0.032966,0.037501,0
2025-10-08,0.029470468,0.038125,0.043377,0
2025-10-09,-0.00122024,0.036454,0.041474,0
2025-10-10,-0.028870186,0.040692,0.0463,0
2025-10-14,0.001154972,0.038905,0.044265,0
2025-10-15,-0.005133413,0.037376,0.042524,0
2025-10-16,-0.00394509,0.035843,0.040778,0
2025-10-17,-0.007616105,0.034709,0.039486,0
2025-10-20,0.002219862,0.033219,0.037789,0
2025-10-21,-0.028249805,0.037834,0.043046,0
2025-10-23,0.000829942,0.036171,0.041151,0
2025-10-24,-0.000275451,0.034577,0.039336,0
2025-10-27,-0.005487671,0.033294,0.037875,0
2025-10-28,0.002763596,0.031891,0.036277,0
2025-10-29,-0.014306522,0.032219,0.036651,0
2025-10-30,0.005507371,0.03106,0.035331,0
2025-11-03,0.03925513,0.041211,0.046891,0
2025-11-04,0.011539824,0.040277,0.045828,0
2025-11-05,0.002675084,0.038549,0.04386,0
2025-11-06,-0.008149678,0.037323,0.042464,0
2025-11-07,-0.000987284,0.035685,0.040598,0
2025-11-10,0.006957419,0.034486,0.039232,0
2025-11-12,0.004859078,0.033156,0.037718,0
2025-11-13,-0.014583191,0.033427,0.038026,0
2025-11-14,-0.017848753,0.034497,0.039245,0
2025-11-17,-0.005385204,0.033209,0.037778,0
2025-11-18,0.004473274,0.031913,0.036302,0
2025-11-19,-0.021910011,0.034429,0.039168,0
2025-11-21,0.006611128,0.033262,0.037838,0
2025-11-24,0.018973255,0.034669,0.039441,0
2025-11-25,-0.008851338,0.033762,0.038408,0
2025-11-26,-0.054939733,0.051373,0.058465,1
2025-11-27,-0.01047374,0.04969,0.056548,0
2025-11-28,0.003847497,0.047576,0.05414,0
2025-12-02,0.011237981,0.046203,0.052577,0
2025-12-03,0.016422678,0.045749,0.05206,0
2025-12-04,0.001946731,0.043752,0.049785,0
2025-12-05,-0.019197739,0.04409,0.05017,0
2025-12-08,0.001331262,0.042154,0.047965,0
2025-12-09,-0.016903728,0.042129,0.047937,0
2025-12-11,-0.005535151,0.04047,0.046048,0
2025-12-12,0.020679914,0.041508,0.04723,0
2025-12-15,-0.001231841,0.039686,0.045155,0
2025-12-16,-0.001125752,0.037944,0.043171,0
2025-12-17,-0.00275406,0.036326,0.041328,0
2025-12-18,0.003954793,0.034844,0.03964,0
2025-12-22,0.012336779,0.034498,0.039246,0
2025-12-23,-0.013383454,0.034388,0.039121,0
2025-12-24,0.004281224,0.03302,0.037563,0
2025-12-25,-0.020027155,0.034772,0.039558,0
