date,return,VaR_99,ES_99,violation
2019-01-28,-0.024420692,0.49658352,0.5214127,0
2019-01-29,0.017161991,0.3530173,0.3811285,0
2019-01-30,-0.015944524,0.335055,0.3638656,0
2019-01-31,-0.0059470166,0.46489006,0.48864496,0
2019-02-01,0.0037944443,0.30905738,0.33888036,0
2019-02-04,0.02963216,0.37125182,0.39865297,0
2019-02-05,0.045078725,0.39821482,0.42456603,0
2019-02-06,0.00857881,0.383075,0.41001576,0
2019-02-07,-0.0025490073,0.35869077,0.38658103,0
2019-02-08,0.0077210497,0.36822826,0.39574713,0
2019-02-11,0.012898758,0.39001235,0.41668296,0
2019-02-12,-0.004542083,0.27200788,0.30327356,0
2019-02-13,0.024983272,0.43043396,0.45553058,0
2019-02-14,0.0033871625,0.37332264,0.40064314,0
2019-02-15,0.0071394555,0.38563284,0.412474,0
2019-02-18,0.009711783,0.29454485,0.32493293,0
2019-02-19,0.0065171933,0.50018656,0.52519584,0
2019-02-20,0.01262427,0.41525754,0.44094512,0
2019-02-21,-0.00932301,0.36791036,0.39544162,0
2019-02-22,-0.008194723,0.2979635,0.32821846,0
2019-02-25,-0.016445901,0.46712112,0.49078915,0
2019-02-26,0.006457851,0.468193,0.4918193,0
2019-02-27,0.012032447,0.59751296,0.6273886,0
2019-02-28,0.008260778,0.49908662,0.52404094,0
2019-03-01,0.029315982,0.3355187,0.36431128,0
2019-03-04,-9.54157e-05,0.52997667,0.55647546,0
2019-03-05,0.01197739,0.40513748,0.43121913,0
2019-03-06,-0.020791993,0.4413989,0.46606854,0
2019-03-07,-0.0071837115,0.19156337,0.2259615,0
2019-03-08,0.012535444,0.32849172,0.35755792,0
2019-03-11,0.014814293,0.5183553,0.5442731,0
2019-03-12,-0.0053237686,0.46291935,0.486751,0
2019-03-13,-0.0012953742,0.3361503,0.36491826,0
2019-03-14,-0.027614944,0.026331723,0.06716391,1
2019-03-15,-0.006421589,0.20026614,0.23432538,0
2019-03-18,0.015452273,0.40876046,0.43470103,0
2019-03-19,0.009665956,0.5259545,0.5522522,0
2019-03-20,0.008934573,0.34797153,0.3762792,0
2019-03-21,0.0008931636,0.45962325,0.48358324,0
2019-03-22,0.00012728653,0.3413534,0.36991876,0
2019-03-25,-0.01150318,0.41076216,0.4366248,0
2019-03-26,0.011760027,0.1761158,0.21111545,0
2019-03-27,0.006983411,0.3420126,0.37055233,0
2019-03-28,0.008312317,0.40619475,0.4322352,0
2019-03-29,-0.008647074,0.42276967,0.44816473,0
2019-04-01,-0.034304608,0.46597224,0.489685,0
2019-04-02,0.017114768,0.33657292,0.36532444,0
2019-04-03,-0.0072718835,-0.062054936,-0.017781008,1
2019-04-04,-0.015644496,0.30590144,0.3358473,0
2019-04-05,0.01233954,0.5853958,0.61466557,0
2019-04-08,-0.006813527,0.42311636,0.538434,0
2019-04-09,0.01808955,0.26229957,0.3489524,0
2019-04-10,0.010312178,0.3999403,0.51112694,0
2019-04-11,0.011242133,0.38202897,0.49002296,0
2019-04-12,-0.023020374,0.29426754,0.3866185,0
2019-04-15,0.021388946,0.34852234,0.45054394,0
2019-04-16,0.0045131985,0.41791198,0.53230196,0
2019-04-17,-0.006343999,0.3555627,0.45883924,0
2019-04-18,0.0024030684,0.2389905,0.32148856,0
2019-04-19,-0.029166745,0.2670396,0.3545373,0
2019-04-22,0.006605934,0.5656782,0.70640683,0
2019-04-23,-0.016146429,0.4468235,0.56636685,0
2019-04-24,-0.022499083,0.38907772,0.49832815,0
2019-04-25,-0.026890077,0.45551932,0.57661265,0
2019-04-26,0.021440452,0.25506285,0.34042573,0
2019-04-29,-0.011861587,0.22255132,0.3021192,0
2019-04-30,0.028032476,0.24388517,0.32725573,0
2019-05-01,-0.009476861,0.33978292,0.44024676,0
2019-05-02,-0.029292755,0.26379666,0.3507163,0
2019-05-03,-0.018853463,0.42193374,0.5370406,0
2019-05-06,0.02340858,0.49251473,0.6202023,0
2019-05-07,-0.002848348,0.31216308,0.40770382,0
2019-05-08,-0.00992159,0.1200926,0.18139769,0
2019-05-09,0.003013039,0.23462835,0.3163489,0
2019-05-10,0.009309975,0.34171364,0.44252163,0
2019-05-13,0.01998393,0.30202565,0.39575946,0
2019-05-14,0.02824643,0.35524684,0.45846707,0
2019-05-15,-0.0068298494,0.2740023,0.3627411,0
2019-05-16,-0.024299515,0.4374704,0.5553466,0
2019-05-17,-0.0073058796,0.3655748,0.47063595,0
2019-05-20,0.0047014905,0.33421594,0.4336875,0
2019-05-21,-0.020900978,0.23584926,0.3177874,0
2019-05-22,-0.020166028,0.28439957,0.3749916,0
2019-05-23,0.0070288605,0.49803448,0.62670594,0
2019-05-24,-0.0010002414,0.38501924,0.49354625,0
2019-05-27,0.0006609437,0.2110173,0.28852928,0
2019-05-28,-0.01672676,0.2623128,0.34896797,0
2019-05-29,-0.004946641,0.2797472,0.36950994,0
2019-05-30,-0.019156719,0.38359714,0.49187064,0
2019-05-31,0.017995305,0.3321761,0.43128407,0
2019-06-03,0.021164823,0.3799435,0.48756576,0
2019-06-04,-0.037322123,0.28445137,0.37505263,0
2019-06-05,-0.018267265,0.35608357,0.45945293,0
2019-06-06,-0.029658329,0.43974382,0.55802524,0
2019-06-07,-0.013104718,0.4025024,0.5141457,0
2019-06-10,-0.0017460521,0.39257145,0.5024446,0
2019-06-11,-0.029668668,0.40998432,0.52296126,0
2019-06-12,-0.018156499,0.306872,0.40146965,0
2019-06-13,-0.019043189,0.35759774,0.461237,0
2019-06-14,0.0040175095,0.278184,0.36766815,0
2019-06-17,0.0013306127,0.33003774,0.43360192,0
2019-06-18,-0.013413095,0.43055555,0.5551256,0
2019-06-19,0.0031882643,0.5289128,0.67403716,0
2019-06-20,-0.00951016,0.49684986,0.6352739,0
2019-06-21,-0.004874188,0.6067795,0.76817626,0
2019-06-24,0.029017989,0.40973845,0.5299582,0
2019-06-25,0.022456866,0.41153738,0.53213304,0
2019-06-26,-0.022663455,0.49487123,0.63288176,0
2019-06-27,0.014305541,0.47531167,0.6092347,0
2019-06-28,0.013756456,0.60580325,0.76699597,0
2019-07-01,-0.022274699,0.5516354,0.7015083,0
2019-07-02,0.015351301,0.44380873,0.5711484,0
2019-07-03,0.027841441,0.32547536,0.4280861,0
2019-07-04,-0.019655205,0.4345751,0.55998516,0
2019-07-05,-0.01709009,0.43537167,0.56094813,0
2019-07-08,0.018275797,0.5260316,0.6705539,0
2019-07-09,0.0047201905,0.3434815,0.4498551,0
2019-07-10,0.009407135,0.21010467,0.28860563,0
2019-07-11,0.005624275,0.3546089,0.46330786,0
2019-07-12,0.0062969965,0.41950703,0.5417682,0
2019-07-15,-0.020744596,0.380765,0.49492997,0
2019-07-16,0.0166478,0.29386595,0.38987106,0
2019-07-17,0.018812032,0.37245208,0.48487985,0
2019-07-18,-0.0035773194,0.37019163,0.48214698,0
2019-07-19,-0.00067131675,0.2346192,0.3182431,0
2019-07-22,-0.024296628,0.37517023,0.48816603,0
2019-07-23,0.008656784,0.48559415,0.62166595,0
2019-07-24,0.0094366325,0.31191507,0.41169202,0
2019-07-25,-0.0009989402,0.31438142,0.41467375,0
2019-07-26,0.01923888,0.55426157,0.70468324,0
2019-07-29,-0.0055260337,0.34013376,0.44580775,0
2019-07-30,0.009156316,0.39518803,0.51236707,0
2019-07-31,-0.018273104,0.2777486,0.3703856,0
2019-08-01,-0.00044244603,0.37823674,0.49187332,0
2019-08-02,-0.003756162,0.45897716,0.58948666,0
2019-08-05,0.004698576,0.40304753,0.521869,0
2019-08-06,-0.007483906,0.49830735,0.6370359,0
2019-08-07,-0.002673053,0.5701405,0.72388047,0
2019-08-08,0.016492656,0.43495792,0.56044793,0
2019-08-09,-0.00840886,0.5158872,0.65828955,0
2019-08-12,-0.030186234,0.45655778,0.5865617,0
2019-08-13,0.033836428,0.43938398,0.56579894,0
2019-08-14,0.02655116,0.58082557,0.7367985,0
2019-08-15,-0.024346422,0.5068998,0.647424,0
2019-08-16,0.01252414,0.42500377,0.54841363,0
2019-08-19,-0.010018109,0.31373087,0.41388726,0
2019-08-20,0.0052919993,0.33823347,0.44351035,0
2019-08-21,0.0062285843,0.42284316,0.54580146,0
2019-08-22,-0.004863594,0.4117358,0.53237295,0
2019-08-23,-0.01562663,0.5456339,0.6942526,0
2019-08-26,-0.013276546,0.2515314,0.30311543,0
2019-08-27,-0.017002862,0.25543132,0.3074518,0
2019-08-28,-0.014958481,0.21645392,0.26411235,0
2019-08-29,-0.0012415536,0.16884705,0.21117765,0
2019-08-30,-0.013848919,0.17262593,0.21537943,0
2019-09-02,0.012707637,0.16571206,0.2076918,0
2019-09-03,0.028104076,0.27056795,0.32428244,0
2019-09-04,-0.010612485,0.26398444,0.31696215,0
2019-09-05,0.0042614425,0.2996912,0.35666496,0
2019-09-06,0.008703569,0.21626481,0.26390207,0
2019-09-09,0.008008981,0.24658383,0.2976142,0
2019-09-10,0.0012678836,0.15269299,0.19321574,0
2019-09-11,0.012866988,0.19493157,0.24018136,0
2019-09-12,0.008084944,0.28340882,0.33856037,0
2019-09-13,-0.02049684,0.2893786,0.34519824,0
2019-09-16,0.013934027,0.2522295,0.3038917,0
2019-09-17,0.0149517255,0.29612032,0.35269442,0
2019-09-18,-0.012679583,0.15401186,0.19468221,0
2019-09-19,0.0006891328,0.1520305,0.1924791,0
2019-09-20,0.011973012,0.21102558,0.25807652,0
2019-09-23,-0.0038401175,0.20591745,0.2523967,0
2019-09-24,0.018994054,0.2360605,0.28591314,0
2019-09-25,0.04119237,0.23825526,0.28835353,0
2019-09-26,-0.013624107,0.24354245,0.29423243,0
2019-09-27,-0.02354475,0.26796022,0.32138285,0
2019-09-30,0.0050493833,0.2846701,0.3399628,0
2019-10-01,0.013255736,0.2625077,0.31532013,0
2019-10-02,-0.004125109,0.323188,0.38279134,0
2019-10-03,0.030738993,0.35013652,0.41275576,0
2019-10-04,-0.030005345,0.21587572,0.26346943,0
2019-10-07,0.015266972,0.2581399,0.31046352,0
2019-10-08,-0.013147071,0.21249126,0.25970623,0
2019-10-09,0.036091086,0.21573664,0.2633148,0
2019-10-10,0.04177212,0.20872414,0.2555175,0
2019-10-11,-0.01544085,0.21753897,0.26531884,0
2019-10-14,-0.010643211,0.1763816,0.21955541,0
2019-10-15,0.016928233,0.23118818,0.28049555,0
2019-10-16,-0.0080200005,0.10871486,0.1443159,0
2019-10-17,-0.00093362405,0.23733105,0.2873259,0
2019-10-18,0.0005027089,0.2930292,0.34925738,0
2019-10-21,-0.03656885,0.23648308,0.28638303,0
2019-10-22,-0.0002543498,0.19740081,0.24292694,0
2019-10-23,-0.014248246,0.32085383,0.38019595,0
2019-10-24,-0.009814945,0.24793778,0.29911965,0
2019-10-25,0.028188929,0.2128169,0.2600683,0
2019-10-28,-0.024614498,0.21439925,0.26182774,0
2019-10-29,0.0153823495,0.13050759,0.16854751,0
2019-10-30,-0.005747774,0.25081715,0.30232126,0
2019-10-31,-0.00563717,0.20872088,0.25551388,0
2019-11-01,0.015528698,0.18731086,0.2317078,0
2019-11-04,0.0065192394,0.45443767,0.51669455,0
2019-11-05,0.011388892,0.33135334,0.38495895,0
2019-11-06,0.019261124,0.31874925,0.37146896,0
2019-11-07,-0.0063409763,0.25816497,0.3066264,0
2019-11-08,-0.011485646,0.35213032,0.40719628,0
2019-11-11,-0.02002315,0.3954668,0.45357877,0
2019-11-12,-0.014780254,0.3870786,0.444601,0
2019-11-13,0.052683778,0.3800469,0.43707505,0
2019-11-14,0.02182712,0.31005034,0.36215866,0
2019-11-15,-0.02393619,0.24032469,0.2875322,0
2019-11-18,-0.022893326,0.21391782,0.25926927,0
2019-11-19,0.00863761,0.3258776,0.37909836,0
2019-11-20,0.009481898,0.36813787,0.42432895,0
2019-11-21,0.010750235,0.36168355,0.41742098,0
2019-11-22,-0.0049029347,0.31162107,0.36383978,0
2019-11-25,-0.0026074832,0.23241372,0.2790652,0
2019-11-26,0.006558765,0.34705296,0.40176207,0
2019-11-27,0.0016825229,0.4491584,0.5110442,0
2019-11-28,-0.04225592,0.3724436,0.42893732,0
2019-11-29,-0.0042326357,0.29483992,0.34587914,0
2019-12-02,-0.015235424,0.26343626,0.3122682,0
2019-12-03,0.0030608978,0.3492031,0.40406334,0
2019-12-04,0.051073976,0.3846323,0.44198272,0
2019-12-05,0.0060768127,0.22416444,0.2702361,0
2019-12-06,-0.0059198434,0.23132563,0.27790064,0
2019-12-09,0.018800424,0.2397065,0.28687057,0
2019-12-10,0.009540958,0.3287713,0.38219544,0
2019-12-11,0.007989326,0.2938846,0.34485668,0
2019-12-12,0.011122599,0.39968976,0.45809853,0
2019-12-13,0.036929294,0.2052844,0.25002906,0
2019-12-16,-0.020456051,0.02841214,0.06072499,0
2019-12-17,0.00828799,0.20273085,0.247296,0
2019-12-18,-0.01742458,0.38599646,0.4434428,0
2019-12-19,0.010135963,0.290215,0.34092912,0
2019-12-20,-0.01645412,0.34683922,0.4015333,0
2019-12-23,-0.007285393,0.3220949,0.37504977,0
2019-12-24,-0.0054780175,0.25768507,0.30611277,0
2019-12-25,0.018555392,0.37315977,0.42970383,0
2019-12-26,0.018310467,0.23605014,0.2829572,0
2019-12-27,-0.023939427,0.15063865,0.19154242,0
2019-12-30,0.0010634684,0.29570985,0.3468102,0
2019-12-31,-0.01475362,0.2909404,0.34170553,0
2020-01-01,-0.025369445,0.32390922,0.37699163,0
2020-01-02,-0.0044132476,0.20350498,0.24812454,0
2020-01-03,-0.006031172,0.27607965,0.32580027,0
2020-01-06,0.045718435,0.197348,0.24153481,0
2020-01-07,0.00811855,0.12277444,0.16171971,0
2020-01-08,-0.02534288,0.15731478,0.19868778,0
2020-01-09,-0.011036311,0.20262784,0.24718575,0
2020-01-10,0.020938862,0.2606004,0.309233,0
2020-01-13,0.044414688,0.6885569,0.81999606,0
2020-01-14,-0.03293396,0.64466643,0.7709664,0
2020-01-15,-0.03776239,0.21547347,0.29151896,0
2020-01-16,0.03652093,0.14288294,0.21042877,0
2020-01-17,0.0073408186,0.80241907,0.9471904,0
2020-01-20,-0.015965583,0.85231763,1.0029316,0
2020-01-21,0.009660157,0.14818668,0.21635352,0
2020-01-22,-0.04594476,0.41118073,0.51014173,0
2020-01-23,6.008963e-05,0.5478736,0.66284007,0
2020-01-24,0.0057035307,0.17889714,0.25065988,0
2020-01-27,0.015624182,0.5882076,0.7078968,0
2020-01-28,-0.016989795,0.51675755,0.6280806,0
2020-01-29,0.0018075518,0.3501371,0.44195044,0
2020-01-30,-0.019793482,0.2683736,0.3506132,0
2020-01-31,0.0058931652,0.21381676,0.28966826,0
2020-02-03,-0.0199169,0.3899566,0.48643243,0
2020-02-04,-0.009170754,0.47502208,0.58145833,0
2020-02-05,-0.022972899,0.28336525,0.36736023,0
2020-02-06,0.0152197555,0.09457171,0.15646073,0
2020-02-07,0.019410804,0.37992215,0.47522303,0
2020-02-10,-0.005113759,0.7274452,0.86343783,0
2020-02-11,0.00079993077,0.7897531,0.9330414,0
2020-02-12,-0.029397527,0.3454975,0.43676758,0
2020-02-13,-0.0058483146,0.5600452,0.67643684,0
2020-02-14,-0.0010077493,0.7996726,0.9441224,0
2020-02-17,0.05271772,0.58316445,0.7022632,0
2020-02-18,-0.021734616,0.76867616,0.90949655,0
2020-02-19,0.030287592,0.47441506,0.5807802,0
2020-02-20,0.019971637,0.17908454,0.2508692,0
2020-02-21,0.005910498,0.7638172,0.90406865,0
2020-02-24,0.06417801,0.7887353,0.9319044,0
2020-02-25,0.013114627,0.4079935,0.5065813,0
2020-02-26,0.0132582635,0.62072545,0.74422216,0
2020-02-27,-0.005248933,0.8178076,0.96438086,0
2020-02-28,0.04547507,0.8572524,1.0084442,0
2020-03-02,0.039380196,0.79420865,0.9380186,0
2020-03-03,-0.06530985,0.93370897,1.0938531,0
2020-03-04,-0.13840808,1.2002529,1.3916069,0
2020-03-05,-0.020532342,0.43069518,0.5319411,0
2020-03-06,-0.07814009,1.0037158,1.172057,0
2020-03-09,-0.005989732,1.3999562,1.6146936,0
2020-03-10,0.0375352,0.7921773,0.9357495,0
2020-03-11,-0.04020427,0.50082004,0.610277,0
2020-03-12,-0.0037232589,0.9579108,1.1208887,0
2020-03-13,0.0016274746,0.5344875,0.6478866,0
2020-03-16,0.02358082,0.53718746,0.6509027,0
2020-03-17,-0.18165515,0.74936986,0.8879297,0
2020-03-18,-0.04762319,0.73454213,0.8713657,0
2020-03-19,0.0062156944,0.7755111,0.9171318,0
2020-03-20,0.03534991,0.5618646,0.6784693,0
2020-03-23,-0.042254366,1.0183324,1.2035276,0
2020-03-24,-0.1625629,0.00929004,0.060344048,1
2020-03-25,0.022690488,0.75124466,0.90093344,0
2020-03-26,-0.07870416,1.1674916,1.3725158,0
2020-03-27,-0.14131308,1.0440187,1.2326287,0
2020-03-30,-0.0748185,0.33950543,0.434458,0
2020-03-31,-0.02217561,0.49246693,0.60775405,0
2020-04-01,-0.07080322,1.2939675,1.5158054,0
2020-04-02,-0.2593709,0.5964572,0.72556865,0
2020-04-03,0.034293182,0.62318,0.75584394,0
2020-04-06,0.05369909,0.9093588,1.0800672,0
2020-04-07,0.026324643,1.3837948,1.6175742,0
2020-04-08,-0.13245545,0.6114016,0.74249977,0
2020-04-09,-0.023233557,0.22567403,0.30549392,0
2020-04-10,-0.0007292009,0.8395395,1.0009662,0
2020-04-13,0.02145212,1.2861849,1.5069882,0
2020-04-14,0.023146419,0.38346553,0.48426208,0
2020-04-15,-0.08985567,0.11835313,0.1839059,0
2020-04-16,0.0032062284,0.54094505,0.6626768,0
2020-04-17,0.017181056,0.838055,0.99928427,0
2020-04-20,0.031412255,1.3029238,1.5259523,0
2020-04-21,0.015346772,0.7204443,0.86603856,0
2020-04-22,0.017476635,0.34280938,0.43820116,0
2020-04-23,0.0018125217,0.7752328,0.92811054,0
2020-04-24,0.030889831,0.6643925,0.8025352,0
2020-04-27,0.009557647,0.7109076,0.85523397,0
2020-04-28,-0.020319445,0.061994374,0.12005485,0
2020-04-29,0.031854767,0.6616557,0.79943466,0
2020-04-30,0.015561229,0.5050691,0.6220315,0
2020-05-01,-0.009477505,0.60789233,0.738524,0
2020-05-04,-0.009894354,0.2441423,0.32641736,0
2020-05-05,0.005907306,0.7032609,0.8465708,0
2020-05-06,0.008942203,1.1841393,1.3913766,0
2020-05-07,0.004058148,0.87685955,1.0432475,0
2020-05-08,0.0062086037,1.0882936,1.2827893,0
2020-05-11,0.032693498,1.3293805,1.5559262,0
2020-05-12,0.020622222,1.1685658,1.3737328,0
2020-05-13,0.003741841,0.95454335,1.1312585,0
2020-05-14,0.01890112,0.64741,0.7832951,0
2020-05-15,-0.020243317,1.090616,1.2854205,0
2020-05-18,0.007665258,1.0217776,1.2074308,0
2020-05-19,0.033683453,0.96438706,1.1424108,0
2020-05-20,-0.0042190654,0.95776933,1.1349133,0
2020-05-21,-0.015804112,1.1534722,1.3566327,0
2020-05-22,-0.011725097,0.44205052,0.55063534,0
2020-05-25,-0.018928085,1.0346265,1.2219878,0
2020-05-26,-0.013168677,0.8788953,1.0455538,0
2020-05-27,-0.006314951,0.9710407,1.149949,0
2020-05-28,-0.025129508,0.94992155,1.1260222,0
2020-05-29,0.00029744316,0.7176241,0.86284345,0
2020-06-01,0.017053688,0.28002104,0.3317546,0
2020-06-02,-0.017213954,0.27926335,0.3309183,0
2020-06-03,0.032833517,0.21865167,0.2640189,0
2020-06-04,0.010782351,0.29657212,0.35002267,0
2020-06-05,0.022424001,0.27072996,0.32149968,0
2020-06-08,-0.015261371,0.21030957,0.25481138,0
2020-06-09,0.019826049,0.27898523,0.33061135,0
2020-06-10,-0.024776576,0.23642781,0.2836391,0
2020-06-11,0.023254812,0.18786901,0.2300429,0
2020-06-12,0.0044702203,0.11504674,0.14966619,0
2020-06-15,0.0138286855,0.32517362,0.38159123,0
2020-06-16,-0.034963284,0.2231061,0.2689354,0
2020-06-17,-0.030713532,0.13452713,0.17116743,0
2020-06-18,0.021128701,0.19532551,0.2382729,0
2020-06-19,-0.035579085,0.14255768,0.18003106,0
2020-06-22,0.017297566,0.20794615,0.2522028,0
2020-06-23,-0.06004693,0.14767274,0.18567675,0
2020-06-24,0.03832702,0.18867604,0.23093364,0
2020-06-25,-0.053719904,0.11711686,0.15195104,0
2020-06-26,0.023258774,0.15581888,0.19466794,0
2020-06-29,0.025867052,0.16277428,0.2023449,0
2020-06-30,-0.028107438,0.1373469,0.17427972,0
2020-07-01,0.02242761,0.2536476,0.30264524,0
2020-07-02,0.009560919,0.2406664,0.28831738,0
2020-07-03,-0.018846417,0.21584804,0.26092443,0
2020-07-06,-0.034447823,0.2651827,0.31537697,0
2020-07-07,-0.06411808,0.2731969,0.32422253,0
2020-07-08,0.012189143,0.16340637,0.20304254,0
2020-07-09,-0.052009378,0.15895873,0.19813353,0
2020-07-10,0.0031486696,0.24249259,0.29033303,0
2020-07-13,-0.008728849,0.19135657,0.23389223,0
2020-07-14,0.021485642,0.2263254,0.27248865,0
2020-07-15,-0.009861329,0.15074353,0.18906608,0
2020-07-16,-0.01063072,0.1826791,0.2243146,0
2020-07-17,0.02484671,0.21520646,0.26021627,0
2020-07-20,0.011301048,0.10919803,0.14321074,0
2020-07-21,0.010554148,0.15635298,0.19525746,0
2020-07-22,0.015556933,0.2494296,0.29798967,0
2020-07-23,-0.048645347,0.22835909,0.27473333,0
2020-07-24,0.023171732,0.1375801,0.17453709,0
2020-07-27,0.018618139,0.15785906,0.19691977,0
2020-07-28,-0.0295098,0.14165375,0.17903334,0
2020-07-29,-0.007274168,0.118379,0.15334412,0
2020-07-30,-0.001135877,0.2378078,0.28516224,0
2020-07-31,-0.0037282142,0.15591642,0.19477561,0
2020-08-03,0.009776653,0.20961294,0.2540425,0
2020-08-04,0.04036077,0.27853277,0.33011195,0
2020-08-05,0.029139647,0.17466119,0.21546492,0
2020-08-06,-0.03423774,0.15477096,0.1935113,0
2020-08-07,0.015556964,0.24826764,0.29670715,0
2020-08-10,0.034295328,0.22334707,0.2653131,0
2020-08-11,0.0095551945,0.18494508,0.22342522,0
2020-08-12,0.026005644,0.17523573,0.21283454,0
2020-08-13,0.045977626,0.1978122,0.23746035,0
2020-08-14,0.02271117,0.20654927,0.2469905,0
2020-08-17,0.005306571,0.14827129,0.18342245,0
2020-08-18,0.021362068,0.26035303,0.3056782,0
2020-08-19,0.0029068051,0.27255172,0.3189842,0
2020-08-20,0.0004698646,0.27459717,0.32121533,0
2020-08-21,-0.0071896217,0.23928434,0.28269702,0
2020-08-24,0.034580033,0.22912814,0.2716189,0
2020-08-25,-0.018498125,0.3542625,0.4081121,0
2020-08-26,0.033899173,0.20809695,0.24867867,0
2020-08-27,0.010844336,0.23354524,0.27643698,0
2020-08-28,-0.030133668,0.30520514,0.35460168,0
2020-08-31,0.007629031,0.23264278,0.2754526,0
2020-09-01,-0.044606064,0.24209489,0.28576273,0
2020-09-02,0.013007299,0.19243574,0.23159584,0
2020-09-03,0.017746035,0.29288787,0.34116632,0
2020-09-04,-0.011759723,0.2053966,0.24573319,0
2020-09-07,0.0027895442,0.21240672,0.25337964,0
2020-09-08,0.0448324,0.26471406,0.31043512,0
2020-09-09,-0.011169404,0.19219947,0.23133813,0
2020-09-10,-0.022825409,0.2617167,0.30716562,0
2020-09-11,0.030886378,0.20917287,0.24985225,0
2020-09-14,0.039363652,0.17255352,0.20990886,0
2020-09-15,7.133681e-05,0.21801142,0.2594931,0
2020-09-16,0.018797858,0.26893762,0.31504202,0
2020-09-17,0.02405147,0.25633693,0.30129755,0
2020-09-18,-0.013348201,0.2232874,0.265248,0
2020-09-21,-0.010030964,0.22153735,0.2633391,0
2020-09-22,0.024774628,0.22149502,0.2632929,0
2020-09-23,0.035160843,0.18859921,0.22741106,0
2020-09-24,0.011287862,0.21354139,0.25461733,0
2020-09-25,-0.021298772,0.22708307,0.2693882,0
2020-09-28,0.04734534,0.30290458,0.35209227,0
2020-09-29,-0.013463736,0.24303961,0.28679317,0
2020-09-30,-0.009076307,0.21487355,0.2560704,0
2020-10-01,0.008980014,0.27571657,0.32243633,0
2020-10-02,0.039535,0.19807032,0.23774189,0
2020-10-05,0.023067828,0.14536852,0.18025617,0
2020-10-06,0.010779215,0.23180331,0.2745369,0
2020-10-07,0.011534084,0.2038048,0.24399692,0
2020-10-08,0.0010521305,0.12447466,0.15746573,0
2020-10-09,0.013491634,0.1890145,0.22786404,0
2020-10-12,-0.05962389,0.2585242,0.30368334,0
2020-10-13,-0.007122343,0.2552448,0.3001063,0
2020-10-14,0.005550415,0.17974657,0.21775484,0
2020-10-15,-0.026023908,0.15563384,0.19145332,0
2020-10-16,0.0083958255,0.21941471,0.26102376,0
2020-10-19,-0.0046919184,0.17144449,0.21650952,0
2020-10-20,0.03879972,0.30034143,0.36014497,0
2020-10-21,0.034348242,0.21598502,0.26614296,0
2020-10-22,-0.011321545,0.26919818,0.3254407,0
2020-10-23,-0.0035319396,0.21111427,0.26071528,0
2020-10-26,-0.0017648012,0.24388255,0.2972304,0
2020-10-27,-0.010964089,0.2952922,0.35451838,0
2020-10-28,0.005056508,0.22669484,0.2780774,0
2020-10-29,-0.018948762,0.30764017,0.36827826,0
2020-10-30,-0.027621247,0.24841204,0.3022778,0
2020-11-02,0.014568024,0.19134259,0.23868284,0
2020-11-03,0.0143032335,0.23643689,0.28893337,0
2020-11-04,-0.017526666,0.18439756,0.2309437,0
2020-11-05,0.018959144,0.2880038,0.34639663,0
2020-11-06,-0.0133073805,0.30100977,0.36088973,0
2020-11-09,0.005129776,0.2187258,0.26919714,0
2020-11-10,0.017308274,0.18650056,0.23328716,0
2020-11-11,-0.00068150164,0.25307998,0.3074795,0
2020-11-12,0.009172313,0.2407412,0.29372984,0
2020-11-13,-0.010247837,0.30998364,0.3708897,0
2020-11-16,-0.003990374,0.2179572,0.26834065,0
2020-11-17,-0.004221755,0.2805301,0.33806834,0
2020-11-18,-0.014950273,0.30434135,0.36460227,0
2020-11-19,-0.0035758184,0.23548934,0.28787747,0
2020-11-20,-0.030249167,0.33317062,0.39672798,0
2020-11-23,-0.009802207,0.30040097,0.3602113,0
2020-11-24,-0.0054731104,0.24707112,0.30078354,0
2020-11-25,-0.0057343403,0.30363238,0.3638122,0
2020-11-26,-0.0052195974,0.27108365,0.32754177,0
2020-11-27,-0.0012834568,0.24358125,0.29689464,0
2020-11-30,0.0096118925,0.25040954,0.3045037,0
2020-12-01,0.016874038,0.26621148,0.3221125,0
2020-12-02,-0.012082295,0.31461078,0.37604594,0
2020-12-03,-0.022024227,0.23011692,0.28189075,0
2020-12-04,-0.019103542,0.26058543,0.31584314,0
2020-12-07,-0.008838285,0.3503178,0.41583583,0
2020-12-08,-0.0066104913,0.25653204,0.31132627,0
2020-12-09,-0.015831366,0.2961895,0.35551828,0
2020-12-10,-0.025895784,0.33202672,0.39545327,0
2020-12-11,-0.009214777,0.30063915,0.36047673,0
2020-12-14,0.0041714828,0.25573003,0.31043255,0
2020-12-15,0.013200842,0.23933408,0.29216182,0
2020-12-16,-0.014723563,0.25929484,0.31440496,0
2020-12-17,-0.010431066,0.2498841,0.30391818,0
2020-12-18,-0.023074636,0.17121258,0.2162511,0
2020-12-21,-0.00074950204,0.13849592,0.1797935,0
2020-12-22,-0.0193833,0.26013938,0.3153461,0
2020-12-23,0.013006613,0.23689924,0.2894486,0
2020-12-24,-0.039003547,0.24524951,0.29875365,0
2020-12-25,-0.0075609544,0.20847861,0.25777826,0
2020-12-28,0.006107937,0.23061423,0.31541488,0
2020-12-29,0.0036537447,0.2519958,0.34222844,0
2020-12-30,0.053632732,0.2285928,0.3128799,0
2020-12-31,0.0067096953,0.21033458,0.28998315,0
2021-01-01,-0.018996254,0.2322854,0.31751058,0
2021-01-04,-0.0017613006,0.22471717,0.30801964,0
2021-01-05,-0.032672305,0.2700729,0.36489806,0
2021-01-06,-0.00142943,0.28800696,0.3873883,0
2021-01-07,-0.014261489,0.2622504,0.35508823,0
2021-01-08,0.015892398,0.31799722,0.4249976,0
2021-01-11,-0.009305066,0.19984068,0.27682325,0
2021-01-12,-0.0019117245,0.22532244,0.30877867,0
2021-01-13,-0.010357585,0.22259073,0.305353,0
2021-01-14,0.029616259,0.20567796,0.2841435,0
2021-01-15,-0.005359112,0.16955835,0.23884767,0
2021-01-18,0.029576113,0.2211487,0.3035446,0
2021-01-19,0.013630385,0.12531146,0.1833598,0
2021-01-20,0.008176654,0.24597839,0.3346823,0
2021-01-21,0.006070925,0.17328785,0.24352467,0
2021-01-22,0.0063744285,0.20984818,0.28937316,0
2021-01-25,-0.030268278,0.23369779,0.3192818,0
2021-01-26,-0.0042474614,0.23764226,0.32422838,0
2021-01-27,0.012648342,0.19645882,0.27258223,0
2021-01-28,-0.0007113873,0.21182324,0.29185,0
2021-01-29,-0.020094916,0.27438042,0.3702999,0
2021-02-01,-0.00073013874,0.19792022,0.2744149,0
2021-02-02,0.02669056,0.25546637,0.3465807,0
2021-02-03,0.019639984,0.2754265,0.37161174,0
2021-02-04,-0.0009478729,0.3180502,0.42506406,0
2021-02-05,0.014974073,0.25631312,0.34764257,0
2021-02-08,-0.0056785275,0.2620388,0.35482287,0
2021-02-09,-0.028051691,0.25983766,0.35206252,0
2021-02-10,-0.01563826,0.19629946,0.2723824,0
2021-02-11,0.025613198,0.23132564,0.316307,0
2021-02-12,-0.0047414973,0.307076,0.41130185,0
2021-02-15,-0.0040729684,0.2648082,0.35829586,0
2021-02-16,-0.004877255,0.2412603,0.32876557,0
2021-02-17,0.030471982,0.29924497,0.40148133,0
2021-02-18,0.0253129,0.26812115,0.36245045,0
2021-02-19,0.033726003,0.29195789,0.39234295,0
2021-02-22,-0.0023508554,0.23611368,0.32231146,0
2021-02-23,0.00425414,0.2615992,0.35427162,0
2021-02-24,-0.02125325,0.28946915,0.38922194,0
2021-02-25,0.020343987,0.25819963,0.35000837,0
2021-02-26,-0.016608788,0.21995158,0.30204335,0
2021-03-01,0.00311617,0.30212167,0.40508884,0
2021-03-02,-0.016729085,0.23172203,0.31680408,0
2021-03-03,-0.010865651,0.23517278,0.32113153,0
2021-03-04,-0.015442873,0.26272452,0.35568282,0
2021-03-05,-0.011645662,0.23007391,0.3147373,0
2021-03-08,-0.009967338,0.3377366,0.40942776,0
2021-03-09,-0.010331154,0.20212731,0.25532365,0
2021-03-10,0.017114751,0.23213388,0.2894226,0
2021-03-11,-0.022083716,0.27640468,0.3397312,0
2021-03-12,0.004344042,0.2734619,0.3363871,0
2021-03-15,0.02341197,0.23001656,0.28701654,0
2021-03-16,-0.011936602,0.22987986,0.28686118,0
2021-03-17,-0.01620988,0.3842907,0.46233103,0
2021-03-18,-0.005024646,0.3716357,0.44795012,0
2021-03-19,0.026920233,0.15985265,0.20728344,0
2021-03-22,0.0042528603,0.19753706,0.25010738,0
2021-03-23,-0.011168704,0.20074588,0.2537538,0
2021-03-24,0.0099130655,0.2624352,0.3238565,0
2021-03-25,-0.021718701,0.23651768,0.2944043,0
2021-03-26,0.013435092,0.20731603,0.26122,0
2021-03-29,0.008217542,0.19756512,0.25013927,0
2021-03-30,-0.005959286,0.1573063,0.20438981,0
2021-03-31,-0.01562931,0.21596065,0.27104363,0
2021-04-01,-0.016513025,0.20462707,0.25816432,0
2021-04-02,0.009680053,0.2880792,0.35299793,0
2021-04-05,0.022167964,0.19419216,0.24630627,0
2021-04-06,-0.011104543,0.25298658,0.31311926,0
2021-04-07,0.008629408,0.257813,0.31860393,0
2021-04-08,-0.040807933,0.24257347,0.30128598,0
2021-04-09,-0.0121753,0.3070344,0.3745383,0
2021-04-12,-0.00067723566,0.1372526,0.18160112,0
2021-04-13,-0.019072425,0.28674847,0.3514857,0
2021-04-14,-0.019223677,0.22124335,0.2770468,0
2021-04-15,-0.013777557,0.4050944,0.485972,0
2021-04-16,0.0058846013,0.22643146,0.28294247,0
2021-04-19,-0.004117954,0.20896862,0.263098,0
2021-04-20,-0.048143968,0.2741403,0.337158,0
2021-04-21,-0.04424173,0.3184482,0.38750872,0
2021-04-22,-0.014408855,0.25101358,0.31087717,0
2021-04-23,0.010575504,0.18352023,0.23417887,0
2021-04-26,-0.062292576,0.25311193,0.31326172,0
2021-04-27,-0.01090647,0.23561928,0.29338336,0
2021-04-28,-0.011805528,0.19979787,0.25267652,0
2021-04-29,0.03288631,0.2153057,0.27029935,0
2021-04-30,-0.008737838,0.14311454,0.18826252,0
2021-05-03,0.008537481,0.29684708,0.3629616,0
2021-05-04,0.0030481422,0.244495,0.3034696,0
2021-05-05,-0.045004137,0.1488041,0.19472805,0
2021-05-06,0.018118346,0.28059253,0.3444902,0
2021-05-07,0.0048713265,0.15649974,0.20347326,0
2021-05-10,0.011086557,0.20487271,0.25844347,0
2021-05-11,0.08231072,0.19543254,0.24771582,0
2021-05-12,-0.04515159,0.118999854,0.160859,0
2021-05-13,0.03730566,0.18998605,0.24152651,0
2021-05-14,-0.0063304896,0.13337778,0.17719784,0
2021-05-17,0.0061843097,0.16427454,0.21227619,0
2021-05-18,-0.0009841096,0.13159157,0.1741891,0
2021-05-19,-0.008914714,0.20868278,0.2640273,0
2021-05-20,-0.012182657,0.0903194,0.12609261,0
2021-05-21,0.0069139516,0.16302909,0.2108248,0
2021-05-24,-0.03186738,0.10637606,0.14480424,0
2021-05-25,0.0155150825,0.079510085,0.11349598,0
2021-05-26,-0.008961778,0.15401651,0.200322,0
2021-05-27,-0.025542991,0.1563341,0.20302281,0
2021-05-28,-0.0097981235,0.1622373,0.2099021,0
2021-05-31,0.026341485,0.19685608,0.25024506,0
2021-06-01,-0.011569924,0.1413328,0.18554105,0
2021-06-02,0.0075356388,0.17392269,0.22351965,0
2021-06-03,-0.01489258,0.056606807,0.086805664,0
2021-06-04,0.01760026,0.16706216,0.21552473,0
2021-06-07,0.01552927,0.12994163,0.17226635,0
2021-06-08,0.041633278,0.25501618,0.3180219,0
2021-06-09,-0.003792443,0.15056762,0.19630283,0
2021-06-10,0.013908262,0.17264628,0.22203219,0
2021-06-11,0.002149115,0.12634575,0.1680759,0
2021-06-14,0.027554723,0.17856841,0.22893353,0
2021-06-15,-0.014860934,0.165056,0.21318686,0
2021-06-16,0.015520312,0.19090135,0.24330573,0
2021-06-17,-0.003919259,0.14319687,0.18771333,0
2021-06-18,-0.001279788,0.15599458,0.20262714,0
2021-06-21,0.001840752,0.21077976,0.26647103,0
2021-06-22,0.005621854,0.21318726,0.2692766,0
2021-06-23,-0.002905921,0.17275058,0.22215372,0
2021-06-24,0.005403939,0.16291706,0.21069425,0
2021-06-25,0.03809036,0.13632728,0.17970787,0
2021-06-28,0.022854954,0.14889921,0.19435856,0
2021-06-29,0.019399201,0.16681592,0.21523778,0
2021-06-30,-0.010030856,0.15830094,0.20531484,0
2021-07-01,-0.019382631,0.15345249,0.19966471,0
2021-07-02,0.020276546,0.16584241,0.21410331,0
2021-07-05,0.017877985,0.2562146,0.31941846,0
2021-07-06,0.028988894,0.22260751,0.28025448,0
2021-07-07,-0.01147009,0.15357631,0.19980901,0
2021-07-08,-0.004643057,0.21548122,0.27194986,0
2021-07-09,-0.03221511,0.14483097,0.18961763,0
2021-07-12,-0.007591807,0.21979237,0.27697387,0
2021-07-13,0.018906258,0.20904061,0.2644443,0
2021-07-14,-0.00901639,0.23108602,0.2901349,0
2021-07-15,0.011934104,0.20089653,0.2549536,0
2021-07-16,-0.0036603569,0.17755634,0.22775412,0
2021-07-19,0.006036372,0.18775406,0.23963803,0
2021-07-20,-0.020976784,0.1822804,0.2332593,0
2021-07-21,0.0015197985,0.18963683,0.2418321,0
2021-07-22,-0.052243248,0.16744621,0.21597229,0
2021-07-23,-0.0033536116,0.17155582,0.22076142,0
2021-07-26,-0.028230783,0.3057877,0.370247,0
2021-07-27,0.020255657,0.32083416,0.38705364,0
2021-07-28,0.014106908,0.31779125,0.38365474,0
2021-07-29,0.008188441,0.42324626,0.5014462,0
2021-07-30,0.032401662,0.35632512,0.42669642,0
2021-08-02,-0.01967802,0.4584253,0.54074055,0
2021-08-03,0.039216273,0.30989185,0.37483126,0
2021-08-04,0.020554617,0.1444415,0.1900261,0
2021-08-05,-0.00503604,0.32378045,0.3903446,0
2021-08-06,0.024833899,0.3452146,0.41428617,0
2021-08-09,-0.023668764,0.34777072,0.4171413,0
2021-08-10,-0.016950935,0.27435684,0.33513927,0
2021-08-11,-0.012781488,0.19534895,0.24688883,0
2021-08-12,-0.010691505,0.32267573,0.38911062,0
2021-08-13,-0.021165464,0.18199255,0.23196997,0
2021-08-16,0.023904605,0.31233558,0.37756085,0
2021-08-17,-0.0049411827,0.25281382,0.3110761,0
2021-08-18,0.0072175483,0.23612995,0.2924405,0
2021-08-19,-0.0112999845,0.32611343,0.39295048,0
2021-08-20,-0.03678271,0.35103264,0.4207848,0
2021-08-23,0.00529079,0.18185039,0.23181118,0
2021-08-24,-0.03821676,0.1299043,0.17378831,0
2021-08-25,-0.0013402944,0.26328242,0.32276934,0
2021-08-26,-0.025735999,0.17282249,0.22172718,0
2021-08-27,0.03601254,0.34497517,0.41401872,0
2021-08-30,0.01634713,0.19713293,0.24888152,0
2021-08-31,0.0018631292,0.3239066,0.3904855,0
2021-09-01,0.021509217,0.18829717,0.23901212,0
2021-09-02,-0.0140298195,0.264877,0.32455045,0
2021-09-03,0.009006835,0.17760754,0.22707199,0
2021-09-06,0.003230441,0.2788189,0.34012333,0
2021-09-07,0.0042256596,0.32471344,0.39138672,0
2021-09-08,0.019850127,0.2963803,0.3597391,0
2021-09-09,0.012411954,0.2688284,0.32896408,0
2021-09-10,0.00476248,0.2629095,0.3223528,0
2021-09-13,-0.026476836,0.22465277,0.27962068,0
2021-09-14,-0.015426197,0.16897482,0.2174294,0
2021-09-15,-0.0020676383,0.045060497,0.07901926,0
2021-09-16,0.001711419,0.18584582,0.23627402,0
2021-09-17,-0.02188377,0.14097978,0.18615943,0
2021-09-20,0.04794535,0.23398285,0.29004222,0
2021-09-21,0.029378172,0.20658775,0.2594424,0
2021-09-22,0.014047773,0.28213876,0.34383154,0
2021-09-23,0.0016327887,0.18745239,0.23806852,0
2021-09-24,-0.004619011,0.3008104,0.36468744,0
2021-09-27,-0.021842962,0.14826272,0.19429435,0
2021-09-28,0.001980526,0.19560742,0.24717756,0
2021-09-29,0.007381808,0.18124126,0.2311308,0
2021-09-30,-0.03607499,0.30905685,0.37389857,0
2021-10-01,0.0096876435,0.24358766,0.30077064,0
